EC,NH3N,O2-Dis,TEMP,pH
350,0.02,9.7,15,8.15
330,0.01,8.8,19.5,8.1
340,0.01,7.9,26,8.2
345,0.01,7.8,28,8.2
350,0.02,9,18.5,8.15
320,0.01,9.4,16,8.2
340,0.02,8,24,8.15
320,0.01,8.2,22.5,8.1
340,0.02,7.8,27,8.1
335,0.01,9.4,17.5,8.15
345,0.01,8.5,20,8.15
350,0.02,7.9,27,8.1
340,0.02,9.4,15.5,8.2
325,0.02,8,28,8.1
340,0.01,9,18,8.1
340,0.02,9.2,18,8.15
345,0.02,8,26,8.2
330,0.02,7.9,27,8.15
340,0.01,8,25.5,8.15
350,0.02,8.9,19.5,8.1
350,0.02,7.7,27.5,8.1
340,0.01,8.4,22,8.2
350,0.02,9.6,17,8.2
700,0.0016,12.9,4.54,8.25
590,0.29,8.05,18,8.1
645,0.32,8.5,18,7.8
691,0.33,8.6,12.9,7.8
706,0.19,10.4,8,7.8
644,0.002,11.65,7,8.1
640,0.18,12.9,5,8
435,0.17,9.95,9,7.9
550,0.16,10.15,10,8.1
585,0.08,11.8,15,8.8
505,0.01,7.99,17.3,8
600,0.01,9.9,16,8.5
645,0.13,6.45,19,7.9
635,0.0017,9.9,9.94,7.88
620,0.16,11.25,6,8.1
525,0.0012,11.6,9.18,7.93
678,0.0022,9.9,7.44,7.69
577,0.0029,11.5,8.38,8.14
605,0.07,11.47,12,8.4
619,0.06,11.8,13,8.3
485,0.18,8.45,18,7.9
505,0.31,8.25,17,8
614,0.56,3.6,20,7.8
660,0.13,7.35,19,7.9
582,0.0021,9,19.45,7.94
730,0.002,9.6,17.3,8.2
582,0.0023,8.71,15.18,7.93
610,0.04,9.8,12,7.9
590,0.12,10.95,10,7.9
550,0.003,11.7,8,7.9
504,0.0045,12,7.23,7.9
570,0.12,11.95,5,8.1
587,0.26,10.9,6,7.9
540,0.02,12.05,19,8.7
570,0.003,8.4,16.6,7.7
678,0.05,11.1,20.7,8
649,0.16,8.75,16,7.9
610,0.23,8.8,13,7.9
575,0.14,11.45,5,7.9
450,0.26,10.1,4,7.8
595,0.18,11.75,6,8.3
499,0.0034,10.9,9.1,8
600,0.01,12.15,7,8.1
580,0.05,9.8,11.5,7.4
505,0.09,9.8,12,8
637,0.05,12.2,13,8.7
624,0.14,8.9,18,7.9
600,0.06,13.4,16.4,8.2
562,0.0028,8.61,17.61,8.05
530,0.1,9.1,13,8
660,0.29,7.45,15,7.8
580,0.16,10.65,10,8
480,0.0022,11.1,9.66,8
575,0.21,11.25,4,8.3
610,0.17,11.55,16,7.8
461,0.12,10.66,8,7.3
415,0.0012,10.7,8.33,7.96
480,0.23,11.25,6,8.2
590,0.07,8.8,9,8.2
540,0.05,11.15,8.5,8.2
510,0.01,14.6,11.5,8.8
558,0.12,9.45,15,8.1
609,0.01,9.35,20,8.4
605,0.0064,8.17,19.7,7.92
600,0.14,8.7,16,8.1
517,0.17,9.35,13,7.6
997,0.05,10.3,14.5,7.6
589,0.0019,10.5,10.47,8.04
575,0.12,11.5,7,7.7
595,0.23,10.05,7.5,8
625,0.2,12.7,7,8.1
673,0.05,12.1,10,8.3
589,0.0003,12.2,10.84,7.67
555,0.03,7.8,17,8.2
639,0.0052,8,18.25,8.05
620,0.17,6.85,21,7.8
676,0.05,7.3,22.4,8
605,0.19,12,6,8
640,0.006,11.14,7.9,8.2
615,0.09,11.95,8,8.4
615,0.14,11.41,9,7.9
585,0.08,13.05,12,8.9
575,0.04,8.5,15,8.3
614,0.56,6.8,18.5,7.5
621,0.16,8.4,19,8.2
611,0.0015,11,23.73,8.16
474,0.0043,9.38,14.16,7.98
668,0.29,9.2,11,7.9
650,0.35,8.45,12,7.8
556,0.27,10.2,11.5,7.8
615,0.22,12.15,4,7.9
604,0.39,11.55,4,7.8
560,0.12,12.5,2,8.1
590,0.01,12.8,7,8.3
537,0.22,10.1,11,7.9
660,0.001,15.3,14.1,8.8
590,0.02,9.85,12,8.2
578,0.05,12.85,14,8.9
640,0.11,9.18,16,7.9
597,0.002,10.16,16.6,8.1
642,0.0023,9.31,14.21,8.04
679,0.001,10.9,21.7,8.2
548,0.0067,7.97,20.5,8.19
704,0.08,9.4,21,7.9
546,0.0027,10.3,12.75,7.9
635,0.21,11.35,5,7.9
505,0.24,12.3,4,7.8
658,0.007,12.25,7,8.2
637,0.005,12.11,5,8
602,0.002,12.49,8.5,8.1
614,0.001,11.48,10.3,8.1
588,0.03,13.7,16.8,9
630,0.04,7.85,18,7.9
615,0.29,7.35,14,7.8
600,0.12,11.5,7,8.2
592,0.24,9.95,1.5,8
645,0.001,10.74,16.6,8.4
570,0.4,5.65,18,7.9
680,0.03,12.1,20.9,9
665,0.15,8.1,20,8.1
553,0.003,8,22.4,7.9
625,0.29,7.25,16.5,8.2
590,0.26,9.95,5,8
583,0.0008,11.8,6.99,7.83
500,0.13,7.2,11,8.1
644,0.003,11.1,10.5,8
606,0.08,10.3,13,8.7
564,0.0015,9.79,13.91,7.84
600,0.05,8.1,20,8.1
689,0.5,7.3,14.2,7.9
610,0.19,9.65,6,7.9
629,0.16,10.1,11,8
676,0.28,10,7,7.8
580,0.22,12,4,8.2
610,0.09,9.65,8,8
480,0.12,11.6,8.5,8
514,0.15,11.3,8.4,8
579,0.0015,12.3,7.18,8.09
485,0.2,11.1,9,8
704,0.1,11.3,10.5,7.9
7.8,0.002,11.63,8.8,8.1
560,0.01,9.55,14,8.6
620,0.33,7.35,19,7.8
661,0.29,7.8,19,7.9
660,0.37,7.85,16,7.8
590,0.11,9,10,7.9
590,0.28,9.35,12,7.9
741,0.008,12.6,3.3,7.8
599,0.18,12.3,5,7.9
590,0.001,13.25,6.7,8.2
645,0.25,11.2,8,8.1
518,0.0024,11.2,8.63,8.05
610,0.1,10.55,12,8.5
570,0.02,11.65,8,8.3
570,0.18,11.9,8.5,8.2
560,0.0008,10.4,15.67,8.54
621,0.04,8.05,24,8.2
590,0.17,9,17,7.8
659,0.001,10.27,21.1,8.3
635,0.59,4.9,15.1,7.8
520,0.29,9.65,4,8
670,0.29,12.1,2,8.1
658,0.26,11.9,8,7.9
657,0.2,11,6,7.8
676,0.0008,12.7,6.78,8.05
980,0.18,10.5,11,7.3
565,0.01,9.4,19,8.8
599,0.01,10.85,16,8.6
520,0.17,8.25,16,8.2
788,0.38,6.4,21,7.8
618,0.26,8.95,20,8
604,0.01,8.01,15.3,8
646,0.33,8.6,14,7.8
690,0.05,9.3,10.5,7.4
612,0.16,9.1,12.4,7.9
564,0.29,9.2,8.4,8
607,0.0015,11.7,8.14,8.06
595,0.17,10.6,6,7.8
578,0.32,12.05,10,7.7
620,0.2,12.55,4,8.2
610,0.04,11.6,8,8.5
641,0.05,12.1,10.5,8.3
596,0.03,13.5,11.5,8.3
552,0.0006,13.7,11.34,8.66
654,0.06,13,16.5,8.7
606,0.05,9.86,16,8.9
565,0.05,10.1,15.5,9
475,0.5,6.95,16.5,7.7
652,0.23,7.5,19,7.5
624,0.003,7.59,21.23,7.95
640,0.17,9.85,8,7.9
555,0.13,11.15,10,7.9
602,0.0023,11.8,7.6,7.87
638,0.24,9.1,8.6,7.8
485,0.17,10.75,8,8.4
679,0.2,12.1,11,8.1
634,0.001,11.29,10.1,8.1
520,0.06,9.35,13,8
717,0.24,9.1,15,7.7
547,0.0023,8.02,20.16,7.77
650,0.17,8.95,21,8.1
669,0.03,11,21.1,8.3
634,0.008,8.48,18,7.9
583,0.002,9.11,17,8.3
585,0.18,8.75,17,8
575,0.0028,8.49,17.45,7.94
640,0.11,10.4,10.5,8.2
694,0.2,9.85,9,7.9
603,0.002,9.17,9.98,7.9
698,0.26,11.3,7,7.9
606,0.3,12,7.4,8
618,0.003,10.1,7.04,8.06
651,0.37,11.7,6,7.8
550,0.15,11.25,8,8.3
615,0.23,11.85,7,8.2
580,0.1,10.45,10,8.1
592,0.01,12.75,11.5,8.7
576,0.25,10.4,15,8
590,0.0029,12.7,21.67,8.81
580,0.01,7.7,20,8.3
656,0.0013,9.3,21.46,8.11
510,0.19,9.8,12,7.9
609,0.002,12.25,6.8,8.12
591,0.21,11.5,5,8
630,0.1,11.75,5,8
783,0.28,11.75,5,7.5
600,0.02,12.85,5,8.1
649,0.32,12.3,7,8
653,0.09,10.7,13,8.3
390,0.01,10.9,25,8.5
681,0.0016,9.74,22.24,8.24
676,0.05,9.1,20,7.6
555,0.0008,7.82,22.45,7.79
610,0.19,8.35,14,8
605,0.26,9.9,10,7.9
548,0.17,10.4,9,7.6
643,0.004,8.86,11.3,7.87
611,0.1,11.5,7,7.9
626,0.002,11.21,5.3,8.1
490,0.13,6.7,7,7.8
543,0.0007,11.6,13.57,8.58
603,0.0026,11.9,14.42,8.8
608,0.01,10.45,17,8.7
632,0.09,10,22,8.3
643,0.15,8.4,16,7.7
628,0.22,8.15,17,7.9
610,0.009,9.74,16.8,7.9
588,0.003,7.9,13.9,7.8
526,0.0014,11.6,8.72,7.92
590,0.23,11.7,4,8.2
473,0.0029,10.8,7.33,7.96
582,0.003,11.7,7.4,8.3
630,0.16,10.6,10,8.1
624,0.27,10.2,12.7,8.2
618,0.001,11.5,11.3,8.5
675,0.05,14.3,13,8.7
620,0.002,7.86,19.95,8.2
604,0.07,11.2,20,8.2
627,0.0019,7.53,21.71,7.88
590,0.15,9.15,20,8.5
490,0.19,11.4,6,8
625,0.005,12.2,3,7.8
604,0.26,12.7,5.9,7.6
575,0.01,11.85,11,8.9
601,0.1,12.95,12,8.6
597,0.002,10.93,10.7,8.1
520,0.16,8.65,16,8.8
592,0.31,9.5,12.5,8.3
601,0.09,8.8,15.3,8.9
545,0.29,8.15,16,8.1
600,0.22,9.8,18,8.7
585,0.06,7.95,21,8.2
575,0.08,10.45,9.5,7.9
585,0.0027,11.2,8.2,8
525,0.17,15.9,6,8.2
635,0.26,11.85,3,8
635,0.37,12,4,7.9
729,0.23,11.4,7,7.8
553,0.26,9.05,15,7.9
570,0.01,11.3,15,9.2
695,0.35,8.3,19.3,8
560,0.05,8.45,16,8
560,0.18,10.1,11,8.1
664,0.27,8.1,13.9,7.8
565,0.12,8.45,10,8.3
524,0.0009,9.6,16.5,8.31
608,0.07,11.9,18,8.6
520,0.24,8.45,16,8
690,0.22,10,9,7.9
684,0.23,12.3,9,7.7
626,0.17,9,11.7,7.9
545,0.0009,11.6,9.03,7.77
603,0.0015,10.7,18.61,8.26
630,0.2,8.65,19,8.2
450,0.31,9.25,14,7.8
511,0.002,10.44,11.8,7.9
561,0.0042,8.47,14.92,7.76
486,0.13,10.15,8.5,7.9
595,0.15,11.85,7,8.2
612,0.0024,11.8,6.47,8.15
580,0.27,11.4,6.5,7.7
585,0.16,9.9,14,8.1
633,0.51,7.05,19,7.8
660,0.002,7.96,20.6,8.1
712,0.16,7.6,13,7.5
538,0.0075,8.32,17.32,7.8
545,0.14,9.7,11,7.8
639,0.31,8.8,10,7.9
642,0.002,11.37,8.2,8.2
705,0.34,11.55,7,7.9
635,0.38,12.3,4,8
477,0.0029,11.1,8.26,8.09
560,0.1,10.3,12,8.1
530,0.17,10.3,14,8.5
600,0.16,8.45,16,8
755,0.23,9.3,15.3,8.5
570,0.12,9.55,9,8.1
654,0.19,10.8,9.2,7.9
375,0.18,11.7,6,8
620,0.31,11.35,6,8
620,0.25,10.6,5,8
535,0.3,9,7,7.8
506,0.0044,11.3,7.92,8.05
570,0.06,11.25,7,8.5
490,0.12,9.45,13,8.1
620,0.29,7.2,20,7.4
570,0.25,7.75,20,8.1
600,0.21,7.95,20,8.1
625,0.09,8.05,21,8.1
607,0.15,8.59,15,7.9
500,0.02,7.1,14,7.9
678,0.0028,8.44,16.02,7.97
635,0.0059,8.79,15.43,8.13
620,0.14,10.7,10,8
580,0.24,10.2,9,7.8
565,0.16,11.55,7,8
610,0.26,9.35,8.5,7.9
595,0.17,11.25,8.5,8.2
575,0.26,10.25,6.5,8
560,0.17,8.6,17.5,8.2
745,0.18,8.8,21,7.5
617,0.003,8.79,17.8,8.1
714,0.15,6.5,19.6,8.1
648,0.0021,9.07,16.15,7.99
569,0.0018,11,10.67,7.9
543,0.0017,10.4,11.81,8.01
550,0.19,10.35,6,7.8
650,0.21,11.6,4,7.6
522,0.002,11.8,6.6,7.9
570,0.18,10.9,5.5,7.8
572,0.05,11.95,12,8.1
485,0.19,9.4,14,7.9
635,0.17,8.05,22,7.8
651,0.2,7.6,18.5,7.5
635,0.02,7.85,17,8.1
564,0.21,8.15,16,7.9
568,0.002,10.53,10.6,8
386,0.0031,10.1,10.67,7.8
536,0.002,12.8,6.5,8
495,0.36,11.9,6,7.9
615,0.27,10.8,7,7.9
639,0.0023,12.4,6.74,8.12
593,0.03,10.2,14,8.1
714,0.03,7.2,20.9,7.9
570,0.25,11.3,6,8.2
773,0.05,12.3,5,8.2
646,0.05,13.8,2.5,8.4
682,0.05,12.1,5.5,8.2
945,0.043,10,8,8
730,0.03,9.78,14,8.3
685,0.05,9.65,14,8.5
646,0.05,8.5,18,8.1
653,0.05,11.3,7,8.4
722,0.166,11.8,3,8.2
659,0.109,12.6,4,8.1
609,0.05,12.6,4.2,8.3
730,0.05,12.8,5,8.2
659,0.057,11.6,5,8.2
653,0.14,10,14,8.4
620,0.05,12,19.2,8.5
935,0.051,7.4,15,8
676,0.079,9.5,18,8.3
892,0.04,8.6,15,7.9
626,0.05,9,11.3,8.3
675,0.05,11.75,6,8.4
677,0.05,12.6,5,8.3
677,0.05,12.75,4,8.2
860,0.023,10.9,4.5,8.3
621,0.06,11.8,4.5,8.1
701,0.085,10.4,16,8.3
997,0.055,8,16,7.8
870,0.052,8.68,14,8.1
610,0.05,12.2,20.2,8.5
650,0.05,10.4,10,8.2
856,0.023,10.3,5,8.1
684,0.069,12.55,5,8.2
934,0.03,10.7,6.5,7.9
750,0.14,11.5,8,8.5
649,0.079,10.9,8.8,8.4
740,0.05,10,11,8.1
655,0.08,8.6,18,8.4
659,0.111,12.1,4,8.2
632,0.104,11.2,4.9,8.2
682,0.131,12.5,3,8.2
913,0.058,10.7,5,7.9
668,0.17,10.7,9,8.3
941,0.023,10.2,12,7.9
680,0.054,12.45,5.5,8.3
703,0.11,16.5,5,7.8
879,0.075,12.1,3,7.7
640,0.05,12.4,7.3,8.4
645,0.05,11.8,8,8.4
746,0.05,12,6,8.2
686,0.091,11,8,8.3
629,0.078,10.1,16.4,8.4
637,0.05,9.3,15,8.2
761,0.055,10,7,7.9
849,0.025,10.2,5,7.8
839,0.064,12.6,5,7.9
675,0.05,11.2,8,8.3
677,0.097,9.6,14,8.3
625,0.094,10.2,5.3,8.2
700,0.091,11.85,6,8.1
935,0.047,10.4,7,8
660,0.05,13.6,3.5,8.6
682,0.051,12,6,8.3
605,0.05,13.2,21,8.5
637,0.096,8.5,18,8.3
657,0.097,11.3,6,8.2
811,0.074,12,4.5,8.1
655,0.081,12.55,5,8.2
664,0.054,12.3,5,8.3
648,0.113,9.4,15,8.4
641,0.122,9,10.2,8.2
677,0.05,12.45,6,8.4
677,0.05,12.2,6,8.2
863,0.05,10.9,10,8
689,0.114,9.65,14.5,8.4
639,0.05,9.6,18.5,8.3
646,0.05,10.55,9.5,8.3
686,0.076,12.15,5,8.2
647,0.05,8,18,8.2
673,0.054,11.35,8,8.3
657,0.106,13.2,2.5,7.9
691,0.052,12.85,4,8.2
673,0.099,10.9,12,8.3
689,0.078,8.95,16,8.2
630,0.075,8.4,13.2,8.3
777,0.059,11.3,6,8.1
675,0.05,12.65,4,8.2
691,0.108,10.85,10,8.3
637,0.05,9.7,12,8.4
773,0.04,9.1,8,8.4
691,0.05,11.1,9,8.4
642,0.054,8.85,17,8.4
621,0.056,11,18.2,8.3
635,0.05,9.8,16.8,8.3
686,0.111,9.95,12,8.2
822,0.074,9.85,10,8.1
625,0.099,10.4,4.8,8.2
691,0.111,12.35,3,8.1
686,0.052,11.9,8,8.3
695,0.096,8.6,13,8.3
677,0.102,9.2,15.5,8.4
644,0.05,8.1,18,8.3
653,0.078,11.8,5,8.2
659,0.086,12.5,5,8.3
650,0.05,12,5.5,8.3
642,0.05,12.8,4.2,8.5
641,0.05,9.8,13,8.5
618,0.05,10.8,16.5,8.4
673,0.05,9.8,14,8.5
680,0.05,12.1,6,8.3
680,0.079,12.4,5,8.3
675,0.111,12.1,6,8.2
677,0.074,9.5,15.5,8.4
643,0.05,9,17.5,8.5
751,0.05,8.9,13,8.5
659,0.05,11,9,8.3
788,0.074,9.59,8,7.8
642,0.05,11.2,12.8,8.5
638,0.05,9.1,19,8.4
679,0.05,11.4,8,8.2
662,0.102,12.8,2,8.2
691,0.05,12,5,8.2
665,0.05,10.7,12,8.5
677,0.05,9.3,18,8.4
732,0.04,8.15,16,7.9
625,0.05,8.6,11.8,8.3
678,0.05,13.05,4,8.2
640,0.05,12.1,10,8.6
688,0.077,10.9,11,8.4
620,0.072,10.2,18.2,8.4
650,0.05,10.05,11.5,8.2
834,0.044,7.91,11,8
770,0.04,11,7.5,8.3
635,0.05,14.2,9.2,8.6
645,0.05,9.8,17,8.3
684,0.05,10.5,11.5,8.3
777,0.05,9.84,12,8
740,0.05,10.5,19,8.1
727,0.061,12.05,3.5,8.2
674,0.066,10.7,8.5,8.3
682,0.05,9.95,16,8.5
738,0.04,8.05,18,7.7
738,0.06,9.5,23,8.2
658,0.138,12.35,4,8.2
664,0.057,12.2,4,8.2
646,0.05,12.1,6,8.3
879,0.038,10.15,13,8.1
650,0.05,9.55,16,8.4
682,0.09,9.3,16,8.4
635,0.09,10.6,7.9,8.3
682,0.05,10.1,4,8.3
673,0.093,11.65,7.5,8.3
680,0.05,9.6,15.5,8.5
655,0.05,10.75,8,8.2
762,0.069,7.5,17,7.8
637,0.066,8.6,18,8.2
659,0.105,13.2,4,8.2
684,0.067,12.45,4,8.2
656,0.087,10.05,12.5,8.4
677,0.063,9.35,16,8.2
756,0.05,9.97,17,8.1
628,0.071,8.3,11.2,8.3
678,0.05,13.05,5,8.2
730,0.03,12.7,3,8.3
689,0.067,10.65,13,8.4
792,0.04,8,16,8
750,0.03,8.7,21,8.2
628,0.05,9.5,17.2,8.2
637,0.05,10.35,10,8.3
861,0.038,10,8,7.9
699,0.055,11.1,8,8
829,0.029,7.31,16,8.3
653,0.05,9.1,18,8.4
625,0.05,8.8,15.2,8.4
673,0.057,10.4,11.5,8.3
880,0.033,9.7,10,8
701,0.065,12.55,4,8.2
676,0.067,11.4,8,8.3
635,0.152,9.2,15.8,8.2
730,0.03,9.33,18,8.3
876,0.043,7.55,18,8.1
641,0.05,8.9,16,8.3
902,0.032,9.05,15,7.9
659,0.068,12.3,3,8.2
640,0.08,12,6.5,8.3
650,0.08,9.8,15,8.3
930,0.03,8.1,19,8
677,0.075,9.6,16,8.3
886,0.038,8.15,11,7.9
645,0.118,10.3,6.2,8.3
659,0.076,12.25,6,8.2
674,0.05,11.4,8,8.3
869,0.023,11,8,8.2
764,0.05,9.8,20,8.1
160,0.9,3,28,7.5
157,1.2,1.2,27,6.9
200,1.1,1.8,30,6.8
213,1.15,0.9,28,6.8
152,0.92,1.5,28,7.3
240,1.6,0.2,29,7.2
150,1.4,1.3,29,7.1
145,0.7,2.7,28,6.7
178,1.2,1.8,29,6.9
146,1.05,2.5,30,7
115,0.99,2.2,28,7.3
200,0.8,3.2,27,7.1
130,0.44,5.2,27,6.6
200,1.4,0.52,27,6.9
160,0.92,1.6,29,6.8
200,1.31,0.97,28,7.4
155,1.3,1.5,26,6.7
172,1.2,1,28,7.1
160,1.4,0.4,28,7.2
162,0.84,2.3,26,6.4
160,1.2,0.66,28,6.9
139,1.41,1,28,6.2
200,1.1,2.2,28,7
200,0.87,1.9,28,6.8
149,1.4,0.83,29,7.1
160,0.72,3.5,30,7
230,1.2,1.2,29,7.3
185,0.98,1.9,28,7.1
270,0.96,1.2,30,7
220,1.2,2.4,30,6.9
240,0.78,2.1,28,7.2
190,1.1,2.6,30,7.1
140,0.31,4.1,26,7.7
190,0.98,3.1,31,6.9
176,0.67,4.1,29,7.5
150,0.66,2.9,27,6.9
165,0.89,1.9,29,6.9
210,0.98,2.7,29,6.9
187,0.54,3.9,29,7.7
280,1.51,0.9,30,7.2
240,0.75,3,27,6.9
144,0.35,4.3,28,7
250,1,2.6,28,6.8
220,1.57,1.2,29,6.8
250,0.54,3.8,31,7.1
200,1.1,2.6,28,7.2
155,1.2,2.8,28,6.8
200,0.84,3.4,30,7.5
126,0.48,3.5,28,6.9
250,1.7,0.1,29,7.1
275,0.72,3.5,30,7
180,1.2,2.4,30,7
210,0.6,3,28,6.9
180,0.7,3.5,29,7.5
190,1.1,2.3,29,7.1
200,0.78,2.7,30,6.9
140,1,3.7,26,7
191,0.1,6.9,28,8.8
210,0.15,8.4,28,8.4
225,0.07,6.6,29,8.7
195,0.05,5.5,28,8
160,0.06,6.8,27,7.9
155,0.27,7,28,7.9
200,0.07,8.6,28,9
240,0.06,6.3,28,8.1
175,0.15,7.8,29,8.7
220,0.13,6.7,28,7.6
180,0.06,7.3,29,8.4
180,0.17,7.1,25,8
184,0.2,8.9,27,8.6
163,0.06,6.1,29,8.6
280,0.02,7.8,27,8.4
290,0.2,5.8,25,7.3
170,0.002,7.3,29,8.1
200,0.04,7.5,26,8.5
170,0.011,5.8,29,7.6
168,0.24,7,28,8.6
163,0.17,7.2,26,8
168,0.1,6.8,30,8.6
200,0.19,6.1,27,7.6
220,0.06,6.5,29.5,7.8
260,0.08,6.8,29,8.4
220,0.17,7.1,30,7.8
200,0.26,7.6,27,7.8
170,0.02,6.6,28,7.7
209,0.31,6.3,29,8.6
220,0.15,7.3,28,7.9
190,0.048,8.9,28,8.3
250,0.25,8.4,26,8.5
269,0.12,6.4,28,8.1
187,0.22,6.9,28,8
189,0.21,8.6,29,8.5
200,0.14,7.5,29,8.8
210,0.21,7.1,28,8.4
200,0.08,7.4,29,8.1
240,0.2,6.6,28,8
255,0.18,8.5,29,8.4
197,0.26,6.5,29,7.7
175,0.06,6.7,28,8
220,0.01,7.5,27,7.8
220,0.01,7.8,28,8
170,0.09,7.6,28.5,8
220,0.01,7.2,27,7.7
358,0.01,7.2,30,8.8
160,0.01,7.7,26,7.9
162,0.01,6.2,24,8.1
219,0.01,6.9,26,7
176,0.01,7.3,25,8
231,0.01,6.5,28,8.4
270,0.01,7.4,28,8.2
178,0.01,6.7,26,8.2
430,0.01,6.72,28,7.7
326,0.01,7.4,28,7.5
302,0.01,7.97,28,8.4
135,0.01,6.5,25,8.1
300,0.01,7.7,26,7.5
220,0.01,6.2,28,7.8
280,0.01,6.8,29,8.1
294,0.01,5.8,28,8.2
260,0.01,7.4,27,7.5
221,0.01,8.2,28,8.2
218,0.09,7.5,29,8.3
187,0.01,7.2,28,8.3
134,0.04,7.9,27,7.9
184,0.01,7.4,25,7.7
160,0.06,7.6,28,7.6
167,0.01,8.3,26,8.1
271,0.04,7.8,29,8.5
205,0.01,6.9,27,8
226,0.01,6.2,27.5,8
208,0.01,7.1,25,8.3
160,0.01,6.8,30,8.1
163,0.02,7.4,27,8.1
173,0.01,8.6,24,7.8
182,0.01,7.1,30,7.5
281,0.01,6.8,26.5,8
247,0.02,6.6,29,8.1
330,0.01,7.6,28,8.5
325,0.01,7.5,27.5,8.4
210,0.01,6.9,27,8.1
120,0.01,8.05,27,7.5
275,0.07,7.3,28,8.4
296,0.01,7.08,26,7.3
80,0.03,13.3,3.8,7.21
93,0.02,12.7,4.1,7.39
92,0.08,12.5,3.1,7.42
85,0.12,13.2,4.9,7.1
76,0.02,13.2,5.1,7.28
64,0.03,13,6.7,7.39
81,0.14,12.6,9,6.7
75,0.06,9.6,16.4,7.4
54,0.02,9.8,15.6,7.29
53,0.01,10.7,17.3,7.41
58,0.03,11,15.8,7.36
51,0.1,8.6,17.5,7.4
55,0.04,9,19,7.14
48,0.01,9.5,18.1,7.12
42,0.07,10.6,18.3,7.26
66,0.02,12.9,22.5,7.3
74,0.02,8.6,21.9,7.17
66,0.01,9.9,18.9,7.53
67,0.08,8.5,22.2,6.9
64,0.08,8.2,22.2,7.2
42,0.02,8.6,22,7.25
77,0.03,8.9,22.2,7.55
44,0.05,9.6,17.3,7.07
79,0.03,9.4,17.2,7.4
74,0.06,10.9,8.8,7.2
85,0.06,11.8,9,7.37
77,0.03,11.6,9.6,7.45
122,0.18,13.2,4.8,7.2
82,0.08,12.8,4.9,7.4
79,0.07,13.6,0.3,7
92,0.06,13,5.2,7.26
69,0.05,13.4,4.2,7.42
60,0.1,12,5.5,7.1
99,0.05,13,5.4,7.26
70,0.01,11.9,5.4,7.15
44,0.03,12.9,8.4,7.31
49,0.05,11.5,9,7.1
48,0.01,11.3,10.1,7.06
69,0.06,11,15.2,7.1
49,0.01,9.4,16.6,7.19
59,0.05,9.7,17.4,7.48
51,0.05,8.7,17.5,7.3
69,0.03,9,18.8,7.09
56,0.03,8.2,20.8,7.3
100,0.03,7.2,26,7.4
87,0.01,8.6,22.7,7.67
72,0.08,8.5,23.5,7.1
81,0.08,8.3,22.2,7.18
46,0.01,9.1,19.6,6.96
36,0.02,10.3,19.5,6.65
72,0.05,8.2,20,7.18
83,0.03,8.9,19.1,7.26
75,0.01,9.1,19.9,7.46
128,0.16,10.2,8.5,6.9
44,0.02,10.4,10.9,7.13
46,0.02,10.8,11.9,7.05
106,0.02,11.3,8.8,7.49
64,0.1,13.4,3.8,7.1
89,0.06,13.4,3.3,7.13
94,0.04,13,4.2,7.26
83,0.04,13.5,5.5,7.42
81,0.11,12.3,4.5,7.1
62,0.02,12.6,6.6,7.53
70,0.02,12.7,5.3,7.42
59,0.03,10.5,16.2,7.2
74,0.13,9.3,16.5,7.1
69,0.04,9.6,16.1,7.3
63,0.01,10,17.4,7.29
49,0.02,9.6,18.5,7.12
55,0.02,9.5,18.5,7.32
54,0.05,8.8,19.7,7.2
62,0.02,8,21.6,7.48
85,0.02,8.9,23.6,7.31
53,0.02,9.6,21.2,7.38
68,0.05,7,24,7.21
60,0.05,8.8,22.1,7.1
42,0.02,8.2,19.9,7.3
85,0.01,8,24.6,7.19
75,0.05,8.3,19,7.3
65,0.02,9.4,17,7.16
83,0.01,10,18.9,7.61
55,0.05,11.7,9,6.85
67,0.07,11.8,7.3,7.01
52,0.01,11.2,10.3,7.1
73,0.08,11.4,8.2,7.2
87,0.01,11.3,7.6,7.1
99,0.04,12.5,5.2,7.31
73,0.07,13.4,5,7.1
106,0.13,12.4,3.1,7.35
73,0.01,12.8,3.6,7.16
83,0.12,12.2,5.5,7.1
103,0.24,12.8,4.3,6.88
85,0.07,12.5,5.8,7.43
48,0.01,12.3,5.6,7
109,0.02,13.1,4.8,7.58
66,0.07,11.2,16.5,7.2
68,0.07,9.5,17.1,7.2
86,0.1,9.2,17,7.4
78,0.02,10.4,17.5,7.34
59,0.02,9.2,19.9,7.15
71,0.02,9.9,19.5,7.45
56,0.05,9.6,23.2,7.2
70,0.08,8.6,21.3,6.8
79,0.07,8.2,23.1,7.4
61,0.02,8.5,22,7.3
41,0.05,10,19.3,7.38
45,0.04,9.2,21,6.9
84,0.01,8.3,22.6,7.16
68,0.02,8.1,21,7.34
59,0.04,10.1,16.3,7.4
62,0.03,9.8,16.5,7.2
55,0.05,9.2,18.5,7.2
93,0.02,8.7,20.8,7.18
104,0.19,9.6,13,7.4
102,0.1,10.9,13,7.26
71,0.02,10.4,13.7,7.1
91,0.03,10.2,14.2,7.38
94,0.1,12.6,5.3,7.29
94,0.01,10.8,8.8,7.29
99,0.03,12.1,8.6,7.42
105,0.06,12.3,4.9,7.4
89,0.02,12.6,5.2,7.46
58,0.1,12.6,4,6.9
116,0.14,13.7,4.6,7.3
84,0.07,13.6,4.5,7.1
72,0.03,12.1,4.4,7.25
96,0.03,13.2,4.4,7.42
78,0.11,14.7,6,7.2
60,0.08,14.2,5.9,7.1
100,0.2,12.7,5,7.3
90,0.02,11.7,7.1,7.36
80,0.13,11.9,8.8,6.9
58,0.05,10,17,7
81,0.06,11,16.5,7.4
89,0.01,9.2,18,7.45
86,0.02,11.4,17.1,7.52
58,0.05,9.8,17.9,7.2
85,0.01,8.2,21.6,7.4
37,0.02,11.2,16.6,7.57
52,0.06,9.5,21,7.22
67,0.09,8.8,20.5,7
53,0.03,8.6,21.2,7.29
55,0.01,8.8,20.7,7.13
92,0.04,8.1,24.3,7.46
84,0.05,8.2,22.4,7.2
88,0.03,8,23.3,7.22
93,0.01,7.9,22.7,7.64
50,0.03,10,15.8,7.1
52,0.02,9.2,17.8,7.27
57,0.02,10,18.4,7.45
63,0.09,10.7,12.6,7.08
78,0.06,10.5,13.6,7.4
74,0.01,10.7,11.7,7.22
74,0.04,12.1,7.8,7.1
88,0.1,11.8,7.9,7.3
76,0.02,11.2,8.3,7.06
99,0.02,11.1,9.3,7.46
79,0.02,11.3,7.6,7.45
67,0.07,12.6,4,7.15
77,0.18,11.6,4.9,7.1
76,0.06,12.2,5.8,7.16
90,0.02,12.3,5,7.21
85,0.02,12,5.1,7.52
50,0.07,12.5,5,7
84,0.08,12.8,3.8,7
93,0.18,14,3.3,7.4
98,0.03,12.8,4.4,7.43
112,0.02,13.2,5.8,7.5
51,0.05,13.5,6,6.8
53,0.05,12.2,7.9,7
60,0.03,12.8,5.8,7.23
73,0.02,12.9,7.9,7.42
66,0.08,10.4,9.6,7.3
63,0.06,10.6,13.5,6.89
58,0.07,10.5,12.5,7.2
78,0.11,10.5,14.9,7.36
53,0.01,11.1,14.9,7.13
71,0.07,10,16.7,7.1
64,0.06,9.2,15.1,7.2
78,0.02,9.3,17.5,7.44
75,0.01,10,17.8,7.61
38,0.05,9.6,15.4,7
40,0.02,9,17.9,7.31
55,0.01,9.3,21,7.27
44,0.04,9.6,18.9,7.44
68,0.03,8.4,23.3,7.12
50,0.04,9,20.9,7.3
81,0.04,8,23.9,7.3
74,0.01,8,24.1,7.14
55,0.02,9.2,22.3,7.34
123,0.06,6.8,26.4,7.5
64,0.03,9.5,21.8,7.35
86,0.09,8.8,18.6,7.2
79,0.09,9.2,17.8,7.2
47,0.03,9.4,17.4,7.24
54,0.03,9.4,17.8,7.34
73,0.04,10,13,7.2
72,0.03,10.2,13,7.11
83,0.03,10.7,14.6,7.48
83,0.05,11.2,7.6,7.2
92,0.13,11,8.8,7.1
112,0.03,12,7.8,7.1
61,0.08,12.8,4.4,6.92
67,0.08,12,5.3,7.1
74,0.09,14,4.8,7.25
78,0.01,12.7,3.8,7.22
79,0.09,13.8,4.8,7.4
84,0.15,12,4.8,7.3
102,0.04,12.6,3.6,7.23
41,0.05,13,7,7.6
100,0.14,11.5,6.3,7.3
89,0.05,12.5,5.1,7.28
60,0.02,12.6,5.8,7.17
49,0.05,11.3,11.1,7.1
46,0.05,11.4,9.7,7.17
92,0.04,11.6,10.3,7.61
66,0.1,9.9,14.8,7.3
63,0.05,10.4,12,7.5
64,0.04,10.3,12.8,7.2
63,0.02,10.6,14.8,7.27
48,0.17,9.8,15.4,7.2
86,0.07,9.1,18.6,7.3
96,0.01,9.9,18.6,7.57
68,0.1,7.9,21.3,6.9
71,0.08,8.8,19.5,7.1
61,0.02,8.8,21.1,7.35
56,0.08,9.6,18.8,7.4
59,0.08,8.1,22,6.8
61,0.05,8.1,23.5,7.18
85,0.04,8,25,7.2
80,0.06,9.9,24.4,7.24
68,0.02,8.8,22,7.53
67,0.02,8.6,24.6,7.54
58,0.08,9.4,20.8,7.39
73,0.02,8.5,21.7,7.21
43,0.01,10.6,18.5,7.22
75,0.02,8.5,24.4,7.5
100,0.1,9,19.5,6.9
69,0.05,9.4,16.3,7.35
70,0.05,9.4,15.7,7.2
80,0.03,9.7,17.8,7.45
76,0.06,10.6,14.8,7.1
96,0.08,10,13.7,7.3
56,0.03,10.4,14.6,7.13
95,0.03,9.9,15.1,7.51
63,0.06,11.2,10.2,7.2
80,0.03,11.6,8.6,7.39
44,0.02,11.5,10.9,7.23
68,0.02,11.8,9.3,7.45
62,0.1,12.3,5.5,6.95
83,0.13,13.4,5.2,7.2
69,0.05,12.4,4.1,7.32
93,0.03,12.6,5.2,7.41
72,0.14,12.7,5,7.04
125,0.28,12.2,5.4,7.4
37,0.03,12.4,10.1,7.11
53,0.02,11.8,9.1,6.92
71,0.05,11.9,10.4,7.35
65,0.02,10,13.4,7.16
66,0.02,10.9,14.6,7.41
45,0.09,8.4,16.5,7.3
47,0.03,9.3,18.3,7.37
72,0.04,8.2,22.2,7.3
44,0.04,9.4,19.3,7.11
46,0.05,9.8,16,7.3
56,0.01,9.3,17.4,6.96
71,0.02,8.5,20.3,7.38
94,0.06,11.2,10.4,7.2
91,0.05,9.2,14.4,7.3
75,0.01,10.4,13.5,7.1
79,0.1,11.9,5.8,6.85
70,0.01,11,8,7.47
65,0.07,12.4,4.5,7.1
116,0.13,12.9,4.8,7.1
89,0.02,13,4.3,7
83,0.02,12.8,4.9,7.46
80,0.02,12.8,4.4,7.4
55,0.1,12,6,6.8
41,0.05,10.8,11.5,6.7
51,0.06,12.4,10.2,7.06
52,0.05,11.7,7,7.2
32,0.06,11,13,6.75
70,0.08,10.8,14,7.3
53,0.04,10,14,7.2
66,0.03,10.2,14.8,7.09
60,0.05,10.4,14.8,7.02
70,0.11,10.2,18,7.09
67,0.09,9.2,19.8,7.3
67,0.01,10.6,16.4,7.5
51,0.03,9.4,17,7.2
48,0.01,9.3,19,7.4
52,0.02,9.7,18.3,7.31
46,0.07,11,20.1,7.48
45,0.07,9.2,21.6,6.9
58,0.03,8.9,22.9,7.44
59,0.02,8.7,23.3,7.41
79,0.03,8.3,22,7.47
52,0.01,9.1,20.3,7.47
80,0.01,8.8,19.7,7.49
69,0.05,10.9,11.8,7.2
69,0.01,10.6,13.1,6.9
69,0.02,10.5,12.9,7.29
67,0.01,11.2,11.9,7.44
72,0.06,11.8,7.6,6.98
68,0.01,11.7,6.6,7.42
101,0.14,12.4,4,7.1
86,0.15,12.2,5.4,7.3
115,0.07,13,3.2,7.37
59,0.06,12.2,6.5,7.1
68,0.03,11.6,6.2,7.17
65,0.01,12.7,6.9,7.4
53,0.1,12.9,6.4,7.3
37,0.02,12.5,9.2,7.1
70,0.01,11.8,9.9,7.36
69,0.01,12.2,9.9,7.45
48,0.06,11.1,12.2,7.1
76,0.05,9.1,15.4,7
76,0.02,10.3,15.2,7.22
61,0.04,10.2,17,7.44
83,0.02,9.6,20,7.66
46,0.06,9.7,18.5,7.1
50,0.06,9.4,18.5,7.15
64,0.04,9.5,20.3,7.4
50,0.01,10.3,18.8,7.56
49,0.01,9.5,19.1,7.33
60,0.02,9.8,22.8,7.57
65,0.02,9.5,17.1,7.42
66,0.07,16.8,12.1,7
71,0.05,10.9,12.7,7.3
74,0.04,10,13.2,7.28
96,0.03,10.2,13.6,7.44
72,0.01,13.2,7.5,7.45
85,0.02,11.5,8.9,7.35
78,0.09,12.1,4.1,7.1
89,0.03,12.9,4.1,7.25
88,0.04,13.2,3.4,7.41
65,0.01,13,4.8,7.41
65,0.02,11.4,7.7,7.45
69,0.07,11.6,10.8,7.4
58,0.06,11.9,10.1,7.3
62,0.08,12,9.8,7.22
61,0.12,10.4,13.2,7.1
63,0.03,10.2,14.6,6.97
41,0.02,12.3,14.4,7.21
57,0.03,10.7,14,7.45
84,0.03,9.2,19.6,7.4
46,0.02,9.4,16.1,7.2
69,0.02,9.5,21.7,7.46
71,0.05,8.2,20.8,7.15
84,0.06,8.2,23.2,7.3
71,0.03,8.5,23.1,7.29
43,0.05,10.1,17.2,7.27
70,0.01,10.6,15.8,7.64
50,0.02,9.9,17.2,7.43
71,0.08,10.7,11.2,7.32
87,0.01,11.1,12.5,7.43
73,0.05,12.1,8.9,7.2
116,0.14,12,5,7.2
64,0.05,12.8,5.6,7.1
88,0.02,12,5.4,7.49
70,0.01,13.3,4.5,7.36
98,0.02,12.9,4.6,7.45
75,0.02,12.9,6.5,7.36
83,0.02,12.1,8.1,7.4
45,0.08,12.8,8.8,6.97
49,0.05,10.9,10.6,6.88
59,0.05,10.6,9.1,7.1
55,0.01,11.5,9.6,7.16
79,0.11,10.3,14.4,7.1
47,0.05,11,13.6,7.1
43,0.01,10.8,13.8,7.21
62,0.04,11.3,15.3,7.39
61,0.09,9.8,15.5,7.1
85,0.03,9,18.6,7.46
47,0.07,8.5,19.9,7.07
56,0.02,9.5,21.3,7.47
55,0.02,9.1,19.8,7.4
59,0.08,8.8,20.2,7
50,0.03,9.7,19.8,7.3
52,0.06,10.2,15.4,7.19
44,0.01,10.4,17.1,7.19
76,0.04,10.6,11.4,7.2
72,0.04,10.7,11.6,7.48
78,0.02,10.7,12.4,7.49
77,0.01,12.2,6.5,7.45
92,0.02,12.6,3.4,7.44
97,0.17,13,4,7.06
58,0.02,12.8,6.6,7.39
47,0.02,11.2,6.6,7.33
52,0.03,10.9,10.2,7.28
77,0.03,10.8,12.4,7.26
51,0.03,11.8,11.4,7.38
69,0.05,10.7,15.6,7.42
60,0.08,8.6,21.3,6.9
48,0.05,9.4,20.8,7.3
60,0.01,9.4,20.3,7.46
62,0.02,8.8,20.6,7.47
50,0.06,10.9,14.6,7.12
62,0.04,9.8,13,7.1
110,0.08,10.9,10.2,6.78
92,0.01,11,12.3,7.46
82,0.11,12.7,5.4,7.23
82,0.03,11.2,8.5,7.45
92,0.01,13.5,3.7,7.42
62,0.02,11.6,6.4,7.37
94,0.14,13.4,3.3,7.36
74,0.04,13.2,3.8,7.36
85,0.02,12.8,4,7.4
77,0.02,12.1,6.8,7.5
46,0.05,11.3,11.5,7.16
52,0.01,11.2,9.7,7.26
79,0.03,10.1,15.1,7.45
58,0.07,9.4,17.5,6.96
50,0.02,10.5,16.8,7.47
44,0.05,10.6,19,7.24
62,0.01,9.3,21,7.53
69,0.02,8.5,22.3,7.43
62,0.07,10.4,17,7.18
74,0.02,10.4,11.2,7.46
60,0.08,11.8,6,6.6
68,0.02,12,7.5,7.41
73,0.02,13.5,3.8,7.32
92,0.02,12.4,4.4,7.41
53,0.06,12.4,5.8,6.9
35,0.11,12,9.5,7
64,0.01,11.7,10.3,7.75
56,0.08,10,13,7.15
56,0.03,10.8,14.6,7.2
70,0.02,10.9,15.1,7.45
46,0.08,9.8,17.7,7.09
56,0.01,9.7,18.3,7.43
88,0.01,9.2,19.6,7.4
70,0.08,10.7,11,7.1
81,0.02,10.6,13.5,7.52
72,0.02,10.8,12.2,7.44
101,0.15,12,7.3,7.2
91,0.06,13.9,4,7.4
75,0.02,12,3.8,7.33
108,0.18,12.7,3.9,6.91
66,0.02,11.1,9.9,7.88
75,0.02,11.6,10.5,7.37
68,0.02,9.8,14.7,7.47
41,0.04,9.6,17.5,7.01
54,0.06,9.6,19,7.43
39,0.03,10.1,17.3,7.2
62,0.05,9.4,15.6,7.1
54,0.07,10.6,12,6.95
65,0.12,12.7,4.4,6.87
92,0.19,12.9,2.3,7.03
103,0.04,13.2,3.6,7.52
76,0.02,12.3,4.6,7.39
81,0.14,11.6,5.5,7.28
79,0.01,13.1,4.1,7.32
48,0.09,12.5,7.2,6.7
50,0.01,11.6,10.1,7.43
52,0.09,10.2,16.2,7.18
50,0.02,11.5,13.2,7.4
52,0.02,9.4,15.6,7.36
72,0.08,11,9.8,7.04
63,0.01,10.5,12.6,7.46
105,0.22,13.2,4,6.88
83,0.01,13.9,3.3,7.4
52,0.02,11.6,7.2,7.41
54,0.01,11.6,11.1,7.33
59,0.02,10.7,18.1,7.38
41,0.03,10.8,17,7.2
92,0.13,13.6,4,7.24
67,0.03,11.6,11.9,7.6
60,0.02,10.7,11.8,7.55
51,0.1,11.3,13.5,7.12
60,0.01,10.3,15.6,7.34
84,0.01,13.2,4.8,7.37
72,0.01,10.6,15.9,7.63
90,0.02,8.8,20,7.51
73,0.01,8.8,24.1,7.55
64,0.01,9.9,15.1,7.59
66,0.12,10.2,11.5,7.1
111,0.13,14.2,1.1,6.92
73,0.01,10.1,16.4,7.54
74,0.01,10.6,14.2,7.38
56,0.02,8.5,21.5,7.34
42,0.07,10,15.4,6.98
57,0.02,11,11.3,7.36
50,0.03,9.1,20.6,7.32
65,0.01,8.9,20.1,7.4
49,0.02,9.5,17.4,7.43
65,0.1,12.7,4.2,7.1
73,0.03,12.4,5.5,7.3
40,0.03,11.8,7,7.1
66,0.02,12.2,6.5,7.3
63,0.05,11.1,9.7,7.2
54,0.03,9.3,17.1,7.1
79,0.03,9.3,20.4,7.6
86,0.04,9.4,20,7.3
88,0.08,8.1,23.7,7.3
83,0.02,8.8,20.6,7.4
84,0.02,9.4,18.7,7.5
92,0.04,12,5,7.2
68,0.05,12,13.3,7.3
85,0.09,8.5,18.7,7.2
58,0.06,8.1,18.3,7.1
61,0.02,8.8,20,7.3
59,0.02,9,21.2,7.4
80,0.05,8.4,25,7.4
71,0.03,8.6,21.5,7.3
69,0.02,10.1,18.1,7.6
75,0.02,9.3,18.7,7.4
70,0.03,9.2,19.5,7.4
67,0.02,9.3,19.6,7.3
62,0.02,9.4,17.5,7.2
91,0.02,8.7,20,7.3
65,0.02,8.7,21.8,7.3
80,0.01,10.6,9.5,7.2
77,0.02,10.8,10,7.3
82,0.06,12.5,3.9,7
83,0.07,12.4,4.6,7.2
74,0.03,12.4,5,7.2
60,0.06,12.2,5.6,7
99,0.06,12.9,3.9,7.2
64,0.01,13.3,6.5,7.2
52,0.02,11.9,8.6,7
78,0.04,9.5,19.3,7.2
83,0.03,8.8,18.5,7.2
59,0.01,9,18,7.3
70,0.02,9.1,20.7,7.3
69,0.02,9.4,22.9,7.5
58,0.04,8.6,19.5,7.2
78,0.02,8.5,23.5,7.4
62,0.01,8.9,23.8,7.3
93,0.02,8.9,18.4,7.3
63,0.07,11.3,8.1,7.1
64,0.05,10.7,10.1,7.2
82,0.03,11.2,7.2,7.3
60,0.02,11.5,9.2,7.4
80,0.02,10.7,8.5,7.3
80,0.03,10.4,11.2,7.2
75,0.01,10.8,11.2,7.3
81,0.03,12.6,4,7.2
72,0.04,12.5,5.5,7.3
85,0.01,12.6,5.6,7.1
64,0.03,12.6,5.9,7
62,0.03,12.5,6.6,7.3
59,0.05,10.2,9.2,6.8
52,0.03,12.3,7.4,7.3
67,0.05,10.3,12.2,7.1
62,0.02,11.8,8.8,7.3
81,0.1,9.8,17.6,7.5
69,0.03,9.6,18.5,7.3
82,0.04,9,23.4,7.4
73,0.02,9.2,21.5,7.5
62,0.01,9.3,22.2,7.4
82,0.02,9.1,25.9,7.9
85,0.04,8.6,26.1,7.5
84,0.03,8.7,22.1,7.4
82,0.03,8.2,24.5,7.3
83,0.03,8.1,25.1,7.3
67,0.03,9.7,17.8,7.4
74,0.03,8.6,19.7,7.3
82,0.02,9.5,13.6,7.3
80,0.04,11.4,8.4,7.4
74,0.02,11.5,9.1,7.3
58,0.06,11.7,5,7.1
74,0.03,10.1,4.9,7.3
86,0.03,13.9,4.5,7
75,0.05,12.3,5.3,7.3
67,0.02,12,8.3,7.3
61,0.03,11.8,10.5,7.4
65,0.03,11.2,10.1,7.3
66,0.04,9.4,17.7,7.4
67,0.05,8.9,18.8,7.3
75,0.02,9.8,21.2,7.6
83,0.07,8,20.7,7.2
64,0.02,8.4,21.2,7.4
87,0.03,8.2,24,7.4
57,0.02,8.9,22.1,7.4
74,0.07,8.7,18.1,7.4
64,0.03,8.9,18.7,7.3
74,0.08,8.9,15.7,7.2
58,0.02,10.2,14.9,7.2
72,0.03,10.5,14.3,7.3
75,0.01,9.9,15.5,7.4
76,0.11,11.1,8.5,7.3
81,0.04,11,9,7.3
71,0.04,11.6,9.1,7.2
64,0.06,11.8,5.9,7.2
72,0.07,12,6.4,7.3
74,0.09,11.4,7.5,7.2
81,0.03,12.1,5.9,7
59,0.02,11.9,8,7.3
68,0.02,12.6,7.5,7.3
65,0.02,11.5,9.1,7.3
59,0.04,11.2,10.3,7.3
62,0.04,11.9,10.2,7.3
62,0.06,9.6,14.6,7.2
76,0.06,10.2,14.7,7.2
78,0.06,9.3,19.8,7.3
82,0.03,9.9,20.6,7.4
81,0.02,9.8,17.8,7.4
82,0.02,9,21.9,7.5
68,0.06,8.4,21.5,7.5
69,0.04,9.5,22,7.5
85,0.02,8.8,26,7.4
61,0.02,8.8,19.3,7.3
79,0.02,8.2,22.1,7.3
69,0.06,9.3,17.6,7.3
74,0.03,10.1,11.6,7.2
85,0.03,10.4,12,7.3
74,0.02,11.6,7,7.3
74,0.02,11.5,10,7.3
69,0.02,12.3,5.8,7.1
79,0.05,12.5,4.5,7.2
65,0.08,10.8,7.1,7
86,0.1,12.9,4.5,7.4
65,0.04,13,6.1,7.2
66,0.02,12.2,8.5,7.2
64,0.02,11.1,9.5,7.3
70,0.01,11.6,11.7,7.3
72,0.07,10.5,14.1,7.3
64,0.09,10.3,11.5,7.2
61,0.03,10.4,13.2,7.3
67,0.02,9.3,19,7.3
73,0.02,9.7,17.7,7.6
81,0.03,9.2,19.5,7.3
61,0.02,9,17,7.1
62,0.02,9.7,19,7.3
74,0.03,8.3,24.9,7.6
77,0.03,8.5,22,7.5
65,0.02,8.9,22.3,7.5
51,0.01,8.7,22,7.3
69,0.01,8.9,24,7.5
85,0.03,8.9,20.6,7.4
70,0.02,8.6,22.3,7.4
62,0.04,9.4,16.5,7.2
78,0.03,8.7,18.4,7.2
84,0.06,9.6,15.8,7.3
78,0.01,9.2,20,7.4
86,0.05,9.5,13.5,7.3
80,0.02,9.9,13.5,7.3
73,0.01,10.8,13.2,7.4
90,0.01,11.2,9.4,7.4
71,0.01,9.6,14.9,7.3
70,0.02,10.6,13.7,7.4
61,0.05,12.2,6.7,7.2
78,0.07,12.1,6.6,7.3
71,0.04,13.2,5.7,7.2
88,0.02,11.2,8.9,7.3
93,0.04,12.4,4.2,7.3
70,0.03,12.3,6.4,7.2
71,0.03,11.4,7.5,7.1
76,0.01,12.5,6.5,7.2
75,0.08,12.4,5.5,7.3
59,0.03,12.2,6.9,7.2
79,0.04,13.1,6,7.3
57,0.05,11.5,9.9,7.1
58,0.02,12,9.6,7.2
61,0.02,10.9,15,7.3
68,0.04,10.9,14.5,7.4
66,0.04,8.9,19.5,7.3
75,0.03,9.3,20,7.3
80,0.02,9.2,21,7.4
80,0.03,8.2,24.5,7.3
88,0.02,7.7,24.9,7.3
85,0.03,7.7,26,7.3
82,0.03,8,26.2,7.4
77,0.02,8.4,25.6,7.5
63,0.03,8.9,20.5,7.3
86,0.04,8.2,23.3,7.4
55,0.01,9.1,18.7,7.2
61,0.05,11.4,7.6,7.2
66,0.03,11.7,7.4,7.2
60,0.06,11.8,5.1,6.9
86,0.09,12.5,4,7
82,0.02,12.8,4.8,7.2
85,0.05,12.8,4.5,7.3
66,0.04,11.6,8.4,7.3
74,0.02,11.4,8.7,7.3
67,0.03,12.2,5.6,7.3
90,0.02,12.6,7.2,7.4
83,0.01,13.4,4.2,7.3
71,0.11,11.7,6.9,7
58,0.07,12.2,5.5,7.2
83,0.05,12.3,5.3,7.2
61,0.01,12,8.2,7.2
64,0.03,10.3,15,7.4
73,0.03,11,13,7.4
61,0.01,10.5,15.6,7.4
75,0.02,9.8,15.5,7.4
79,0.06,9.4,18.5,7.4
66,0.04,9.6,18.5,7.4
88,0.05,8.6,20.4,7.2
80,0.03,8.7,24.6,7.6
82,0.04,8.2,25.5,7.6
76,0.02,8.9,23,7.4
79,0.07,10.3,11.7,7.4
71,0.02,10.3,14,7.4
82,0.01,10.8,9.6,7.4
79,0.02,12.4,6.3,7.3
89,0.03,13.1,6.5,7.2
74,0.02,12,6.5,7.3
51,0.02,11,13.8,7.4
69,0.02,11.1,11.1,7.4
68,0.05,10.2,16.3,7.4
79,0.01,10.1,16.7,7.3
68,0.02,9.8,16.5,7.4
72,0.04,9.7,19.5,7.4
55,0.03,8.8,19.1,7.2
92,0.04,8.1,22.5,7.2
68,0.05,8.4,23.3,7.5
78,0.03,8.7,23.2,7.5
89,0.02,9.1,22,7.5
52,0.01,9.3,19.3,7.3
63,0.08,10.4,11.5,7.2
78,0.08,9.1,15,7.1
80,0.01,11.6,8.6,7.4
79,0.02,13.5,5.8,7.3
54,0.08,11,11.3,6.9
63,0.02,11.3,12.3,7.4
62,0.05,10.6,14.9,7.3
62,0.04,10.1,14.5,7.2
76,0.04,9.5,15.2,7.3
76,0.09,9,19.2,7.4
76,0.03,8.9,23,7.5
88,0.05,9,21.5,7.3
64,0.06,8.6,22.6,7.4
77,0.01,8.7,25,7.6
82,0.01,8.9,24,7.6
82,0.03,9.8,15.7,7.2
77,0.01,10.2,18.6,7.4
66,0.06,11.2,10.5,7.4
72,0.05,10,12.8,7.1
63,0.01,11.4,8,7.2
74,0.13,12.4,4.4,7.2
63,0.02,12.7,5.5,7.3
65,0.01,12.7,7.3,7.4
56,0.05,11.2,7.3,7.1
54,0.05,11.6,9,7.1
65,0.03,11.2,10,7.2
62,0.02,10.2,16,7.4
74,0.02,10,16,7.4
58,0.02,10.7,15,7.4
81,0.07,8.3,22.3,7.2
75,0.03,8.9,22.6,7.5
68,0.05,9.1,20.6,7.4
66,0.02,8.6,22,7.2
81,0.02,8.3,25,7.5
69,0.03,9,20.5,7.2
113,0.03,6.9,23.1,7.2
90,0.03,8.6,22,7.4
66,0.02,9.4,17.7,7.3
62,0.02,9.9,18,7.2
71,0.03,10.9,10.5,7.3
67,0.01,10.6,14.5,7.4
77,0.01,10.2,13.4,7.4
68,0.01,12.2,7.5,7.4
62,0.08,11.8,5.7,7.1
94,0.04,12.2,7.3,7.3
72,0.01,12.1,7.8,7.4
63,0.08,12.6,4.6,7
103,0.02,12.8,4.8,7.3
66,0.02,12,9,7.3
64,0.01,12.6,8.9,7.3
54,0.04,10.6,17.6,7.1
69,0.04,9.4,17.5,7.1
76,0.01,9.5,15,7.9
86,0.04,8.2,21.6,7.4
78,0.02,9.1,23.2,7.5
84,0.01,10,20.5,7.7
85,0.01,10.1,12.5,7.2
70,0.04,11.7,9.5,7.3
81,0.01,10.7,10.8,7.2
64,0.02,12.3,6.3,7.3
80,0.04,12.4,6.9,7.3
75,0.01,12.7,7.2,7.5
66,0.01,12.9,6,7.3
69,0.02,12.1,6,7.4
73,0.02,9.7,18.8,7.5
69,0.01,10.1,20.5,8.2
76,0.03,9.1,19.9,7.3
65,0.02,9.6,20,7.3
69,0.02,9.1,19.5,7.3
86,0.01,9,19.5,7.3
88,0.02,10.2,12.1,7.4
81,0.08,11,7.6,7.2
81,0.01,12.3,6.7,7.4
71,0.02,11.9,11.4,7.4
85,0.01,12.2,5.7,7.3
92,0.11,13,4.1,7.3
78,0.01,12.5,5,7.2
59,0.02,12,9.7,7.2
67,0.03,11.2,17.5,7.2
66,0.01,10.9,14.5,7.6
76,0.05,9.4,18,7.3
73,0.01,10.5,16.1,7.4
67,0.03,8.9,19.2,7.2
70,0.01,8.8,21.5,7.3
64,0.02,9.5,23.1,7.2
79,0.01,10.2,16.8,7.4
58,0.03,11.2,11.9,7.3
66,0.02,10.1,13.9,7.4
81,0.01,10.7,14,7.5
81,0.07,10.6,9.7,7.3
69,0.01,11.8,6.8,7.2
68,0.01,12,8.9,7.4
68,0.07,11.4,5.2,7
62,0.09,12.7,4.7,7.2
67,0.03,11.9,6,7.2
75,0.01,13.1,5.6,7.4
48,0.04,12,9.6,7.2
65,0.01,11,12,7.4
64,0.04,10,15,7.2
81,0.06,9,18.7,7.2
67,0.01,9.7,18,7.4
68,0.02,9,20.7,7.4
68,0.01,9.3,21.4,7.5
69,0.01,8.5,23.1,7.4
82,0.02,8.6,25.6,7.7
67,0.03,8.7,20.5,7.2
61,0.02,8.9,20.5,7.4
88,0.02,8.7,21.5,7.4
64,0.01,8.9,22.1,7.4
91,0.01,8.5,23.6,7.4
75,0.01,8.8,23.7,7.4
85,0.01,9.9,18.3,7.6
81,0.08,10.1,11.5,7.3
98,0.04,9.8,12.9,7.4
83,0.01,10.9,13.5,7.3
68,0.02,11.1,13,7.5
61,0.06,12.3,5.6,7.1
82,0.05,11.9,4.2,7.1
72,0.05,11.6,7.9,7.1
74,0.05,12.3,4.5,7.3
81,0.02,11.9,7.1,7.2
77,0.02,11.6,10,7.5
62,0.01,10.9,11.5,7.3
81,0.03,12.4,7.3,7.3
77,0.01,12.9,6.8,7.2
78,0.16,11.7,5.5,7.4
90,0.05,12.4,6,7.2
61,0.02,12.5,6.5,7.3
68,0.05,12,8.5,7.3
71,0.02,12.9,6,7.3
63,0.01,11.9,9.2,7.3
50,0.02,11.3,10.5,7.1
63,0.01,10.7,12.6,7.1
64,0.01,11.3,12.1,7.3
77,0.03,10,16.7,7.5
70,0.01,10,17,7.5
67,0.02,9.7,18.6,7.4
84,0.05,8.6,20.3,7.1
84,0.05,9.5,21,7.6
77,0.02,9.3,21.5,7.6
55,0.01,8.6,19.3,7.3
68,0.03,8.8,20,7.2
61,0.01,9.4,20.2,7.3
73,0.02,8.3,25.4,7.4
70,0.01,8.6,23.5,7.4
61,0.01,9.3,19.7,7.4
95,0.03,7.7,25.9,7.3
64,0.02,8.7,24.1,7.4
79,0.01,9.6,21.1,7.6
86,0.05,9.1,17.4,7.2
75,0.02,11.1,13.5,7.6
79,0.01,10.7,12.1,7.4
63,0.06,11.9,6.3,7.1
68,0.03,11.7,7.5,7.3
78,0.01,12.2,8,7.4
83,0.01,13.1,5.6,7.4
77,0.03,12.2,6.6,7.4
86,0.02,12.7,6.2,7.2
50,0.05,11.8,8.5,7.4
68,0.02,12,8,7.3
62,0.03,11.2,10.1,7.2
64,0.01,11.6,10.3,7.4
73,0.08,10.3,12.6,7.3
60,0.03,11.4,11,7.3
68,0.02,11.6,9.5,7.4
73,0.01,11.1,11.3,7.4
61,0.01,10.9,12.6,7.3
67,0.01,10.6,13.7,7.4
67,0.11,9.8,14.2,7.3
74,0.02,10,17,7.4
60,0.02,10.7,15.6,7.4
71,0.02,10.1,19.4,7.4
88,0.03,9.2,20,7.4
87,0.04,8.9,20,7.4
78,0.02,9.5,22.5,7.6
86,0.01,8.2,25.1,7.4
92,0.08,7.8,22,7.2
67,0.01,11.4,14.5,7.4
75,0.02,10.2,16.5,7.4
84,0.02,8.9,20,7.5
75,0.02,9.7,17,7.4
59,0.02,10.3,16.1,7.4
67,0.03,11.2,11.5,7.4
84,0.02,11.1,10.6,7.3
66,0.08,12.6,4,7
65,0.03,12.5,5,7.2
78,0.02,12.2,7.8,7.3
41,0.06,11.8,7.6,7.2
63,0.02,12.8,6,7.2
70,0.05,12.5,6,7.2
79,0.01,13.1,6.4,7.4
60,0.06,9.6,6.8,7
70,0.04,11.3,9.2,7.3
61,0.02,12.6,6.5,7.3
62,0.01,11.9,8.3,7.3
62,0.02,11.5,9.6,7.2
54,0.06,11.3,10.4,7.3
66,0.04,10.9,12.7,7.3
70,0.08,9.5,17.2,7.2
61,0.02,9.9,15,7.2
58,0.01,9.7,15.9,7.2
92,0.08,9.1,20.7,7.5
71,0.04,9.8,19.2,7.5
62,0.04,9.3,19.5,7.4
81,0.03,8.4,21.5,7.3
83,0.02,8,21.9,7.3
79,0.01,10.1,18.7,7.7
64,0.02,8.8,21,7.2
79,0.02,9,21.2,7.5
63,0.02,9,22,7.4
71,0.03,8.4,25,7.3
61,0.01,8.4,23.6,7.4
89,0.01,8.5,27.2,7.7
84,0.03,8.8,23,7.4
71,0.01,9.2,20,7
69,0.04,9.4,15.9,7.3
109,0.03,6.8,17.3,7.3
78,0.1,10.7,9.3,7.3
67,0.03,10.8,13.5,7.4
80,0.02,10,11,7.3
61,0.01,10.4,15.1,7.3
76,0.15,10.6,6.7,7.2
66,0.03,11.8,7.5,7.1
69,0.01,12.1,7.6,7.2
61,0.07,12.7,4.1,7.2
88,0.01,12.3,5.8,7.1
92,0.02,12.4,5,7.3
87,0.04,13,4.1,7.2
76,0.03,13.3,4.7,7.2
87,0.01,13.4,4.8,7.3
70,0.02,13,5.5,7.3
82,0.01,12.5,5.2,7.4
69,0.02,12.5,6.6,7.3
59,0.05,10.8,10.7,7.3
64,0.05,10.7,12.9,7.4
60,0.03,11.1,12.5,7.3
65,0.07,10.4,14,7.3
58,0.01,11,11.6,7.3
57,0.02,10.8,13.9,7.2
72,0.04,10,17.3,7.3
74,0.05,10.3,17,7.5
70,0.03,10.2,15.8,7.1
64,0.01,9.7,18.2,7.4
75,0.05,9,21.1,7.3
70,0.04,8.4,22.6,7.4
59,0.02,10.6,23.1,7.2
72,0.01,9,24.5,7.5
50,0.01,9.5,18.8,7.3
75,0.02,8.4,25.3,7.5
88,0.04,7.7,25.2,7.3
85,0.02,8.5,24.2,7.5
82,0.02,7.7,24.6,7.3
81,0.03,7.7,20,7.3
67,0.06,9.3,16.6,7.2
63,0.02,10.7,13.3,7.3
82,0.03,9.6,14.5,7.4
73,0.01,10.1,16.4,7.4
80,0.06,10.4,12.1,7.2
79,0.04,10.4,9.7,7.2
92,0.02,10.7,9.1,7.3
73,0.09,12,6.1,7.1
74,0.05,12,5.7,7.3
71,0.01,12.8,6.5,7.4
64,0.01,11.9,6,7.2
72,0.01,12.8,6,7.3
72,0.1,11,7.7,7
73,0.06,12.5,6,7.3
58,0.02,10.7,12.2,7.2
54,0.01,12.1,10,7
66,0.04,10.5,14.6,7.2
88,0.02,8.2,25.6,7.4
64,0.01,8.7,21.7,7.3
81,0.01,8.8,22.8,7.6
69,0.02,8.9,22,7.5
73,0.03,8.3,24.5,7.4
60,0.02,9.1,19.6,7.4
80,0.08,9.3,15.5,7.3
81,0.04,9.5,16.3,7.3
67,0.03,11,9.1,7
84,0.02,11.5,8.9,7.4
80,0.02,12.6,5.9,7.3
71,0.02,12.3,5.3,7.1
59,0.04,11.9,7.5,7.2
78,0.02,13.2,4.8,7.3
63,0.01,12.8,7.5,7.3
79,0.02,13,5.6,7.3
59,0.04,12.3,8,7.4
58,0.04,10.5,13.1,7.1
58,0.02,11,11.6,7.4
61,0.03,10.3,15,7.2
64,0.02,9.9,14,7.3
60,0.01,10.1,12.5,7.4
60,0.04,10.2,19,7.1
66,0.02,10.3,17.1,7.5
82,0.01,9.4,20,7.6
71,0.01,9.8,18.1,7.5
91,0.07,8.4,20.7,7.4
74,0.04,8.9,20.5,7.6
82,0.02,8.5,20.7,7.2
72,0.02,8.8,22.5,7.4
81,0.03,8.7,24,7.3
86,0.03,8.5,23.5,7.1
72,0.02,8.1,26.4,7.4
81,0.01,7.1,27,7.4
70,0.02,10.4,15.4,7.5
71,0.01,9.1,17.3,7.3
82,0.01,9.7,16.8,7.3
85,0.12,12.3,3.9,7.2
87,0.03,12.4,5.5,7.2
85,0.05,12.7,4.1,7.1
88,0.04,12.1,6.1,7.3
72,0.01,12.8,5.7,7.2
87,0.01,13,4.8,7.4
65,0.11,12.7,3.4,7.2
63,0.04,12.1,5.5,7.2
64,0.02,12.1,8.7,7.1
54,0.04,11.3,8.9,7
58,0.04,12,8.5,7.4
62,0.02,11.9,9.9,7.2
58,0.02,10.9,12.9,7.2
61,0.06,9.5,16.4,7.1
69,0.02,10,16,7.6
60,0.05,9,18.8,7.2
88,0.04,8.6,22.3,7.4
77,0.02,8.8,23.6,7.4
54,0.02,9,19.5,7.2
91,0.03,7.9,25,7.4
89,0.03,8.4,24.8,7.4
81,0.04,8.4,25.1,7.4
67,0.02,9.7,14,7.2
60,0.06,12.6,4.2,7.1
50,0.04,12.8,3.8,7.3
75,0.02,12.2,7,7.3
88,0.04,12.7,6.2,7.4
75,0.02,11.8,7,7.2
64,0.01,12.6,7.1,7.2
53,0.06,10.9,7.5,7.1
63,0.06,7,6.3,7.1
62,0.07,10.6,12.7,7.2
81,0.02,11.4,14.8,7.4
67,0.03,10,16.5,7.1
64,0.02,9.7,19.1,7.4
53,0.03,8.6,24.2,7.5
65,0.02,8.8,24.5,7.4
82,0.09,7.5,23.3,7.5
70,0.03,8.9,23.3,7.3
62,0.01,9,25,7.3
87,0.04,9.2,15.3,7.3
73,0.03,10.1,14.7,7.4
75,0.04,9.2,15.5,7.2
69,0.01,9.6,16.8,7.4
72,0.07,9.9,12.1,7.2
73,0.06,10.6,10.2,7.2
81,0.01,10.8,12.5,7.3
73,0.02,10.4,14.1,7.3
93,0.05,12.8,4.4,7.3
59,0.03,12.5,6.3,7.3
71,0.02,12.7,4.5,7.2
60,0.05,12.2,5.4,7.1
80,0.04,13.2,3.7,7.1
74,0.04,13.1,3.5,7.4
66,0.01,11.5,9.5,7.3
58,0.04,11.8,8.8,7.2
50,0.02,11.2,8.9,7.1
53,0.03,11.5,10.1,7.2
61,0.02,11.8,9,7.2
56,0.07,11.2,18.9,7.3
76,0.08,9.1,18.7,7.4
64,0.03,10.3,15.5,7.4
77,0.09,7.9,20.6,7.1
73,0.01,9.3,20.6,7.5
72,0.04,8.5,22.1,7.2
72,0.03,8.4,24,7.3
71,0.03,8.6,24.5,7.4
60,0.04,8.4,22.6,7.4
86,0.04,8,23.4,7.4
60,0.02,9.1,18.1,7.3
76,0.03,8.5,20.5,7.2
82,0.04,8.9,18.1,7.3
62,0.03,10.8,10.3,7.2
74,0.02,10.1,13.5,7.3
82,0.03,12.6,4.5,7.3
76,0.01,13.1,3.7,7.3
83,0.06,13,4.6,7.2
65,0.05,9.7,15.9,7.3
65,0.02,9.6,16,7.4
71,0.02,10.1,15.5,7.3
70,0.03,9.5,21.5,7.6
87,0.03,8,23.9,7.5
70,0.01,8.8,24.1,7.6
84,0.02,7.9,25.4,7.6
68,0.03,8.4,20,7.4
81,0.04,8.8,19.5,7.3
69,0.02,9.2,19.8,7.3
69,0.06,10.4,10.5,7.1
84,0.06,10.2,11.6,7.3
60,0.07,11.8,5.5,7.1
62,0.02,10.5,16.1,7.4
55,0.03,9.4,16.5,7.1
54,0.01,9.3,17.5,7.2
82,0.06,8.7,20.6,7.4
75,0.02,9.1,20.2,7.4
60,0.05,8.9,17.6,7.2
58,0.02,9.2,18,7.3
77,0.02,9.1,18.5,7.3
84,0.01,9.2,20.7,7.6
73,0.04,11.2,9,7.4
85,0.02,10.5,11.6,7.3
60,0.06,12.1,5.5,6.9
68,0.03,12.5,5.5,7.3
89,0.02,12.5,4.8,7.2
54,0.06,11.8,9.2,7.1
72,0.03,8.7,20,7.2
56,0.04,8.2,21.5,7.2
57,0.04,8.5,20.8,7.3
67,0.01,9.4,21.1,7.4
99,0.04,9.2,18.3,7.3
67,0.04,8.6,14.7,7.3
58,0.01,10.5,14,7.3
86,0.06,7.6,7.6,7.2
68,0.08,13,3.3,7.1
90,0.04,12.3,7,7.4
80,0.09,13.1,3.7,7.2
65,0.02,8.9,22.3,7.3
68,0.03,8.4,23.5,7.3
68,0.05,9.6,18,7.5
65,0.02,10.3,12.3,7
78,0.01,10.6,13,7.4
62,0.06,10.4,6,7.2
76,0.02,13.2,4.5,7.3
84,0.04,8.4,22.9,7.3
67,0.02,8.7,22.6,7.3
104,0.1,11.8,8.2,7.3
110,0.1,12.1,7.8,7.9
99.1,0.02,10.9,10,7.2
96,0.1,9.3,21.2,7.2
102,0.1,7.7,25.7,6.7
109,0.01,7.7,28,6.6
103,0.02,7.6,26.9,7.8
107,0.1,9,25.6,7.3
100,0.01,7.5,27.6,7.5
124,0.1,8.4,19.4,6.7
109,0.1,9.1,17.3,6.7
84,0.01,10,16.1,6.6
101,0.02,9.2,17.7,7.7
111,0.1,10.3,12,7
119,0.1,11.2,13,7.1
97,0.1,10.8,10.5,7.5
122,0.1,11.6,8.1,7.5
104,0.1,12.3,8.1,7.5
118,0.02,11.3,8.4,7.5
101,0.1,11.2,6,7.5
121,0.1,12,10.2,7.7
85,0.03,10.6,13.7,7.4
99,0.01,8.9,20.8,7.5
97.2,0.03,8.7,20.1,7.8
123,0.1,8.2,23.4,7.3
75,0.02,9.1,18.9,7.3
117,0.1,7.8,28,7.2
108,0.1,7.8,26.2,6.9
105,0.1,9.8,17.7,7.2
91,0.1,10.2,12.5,6.6
142,0.01,10.5,12,7.7
118,0.04,9.9,12.8,7.5
114,0.1,11.7,6.8,7
123,0.03,10.7,9,8.3
151,0.02,12.3,6,7.9
111,0.01,11.9,7,7.6
120,0.02,10.9,9.2,8
150,0.03,11.8,8,7.8
89,0.02,11,11.3,7.6
105,0.01,11.6,8.1,7.6
200,0.02,11.1,8.8,7.5
84,0.01,9.5,18.8,7.8
110,0.02,7.8,24.2,7.5
108,0.02,7.5,27.7,7.9
114,0.1,8.1,23.5,6.5
120,0.01,7.8,24.3,7.7
97,0.1,8.6,21.2,7
115,0.01,9.1,19.7,7.5
121,0.01,8.2,21,7.5
126,0.01,8.3,22,7.8
129,0.02,10.3,12.8,7.7
118,0.01,11.8,7.6,7.7
116,0.01,12,6.8,7.6
128,0.02,11.2,8.4,7.6
255,0.01,9.9,13.3,7.6
105,0.1,8.6,22.8,7.5
82,0.03,9.1,18.2,7.4
144,0.01,9.4,27.3,7.6
385,0.01,7.5,28.1,7.6
107,0.01,8.2,25.8,7.8
108,0.02,8.4,25.5,7.6
120,0.02,8,28.6,7.5
66,0.01,8.7,24.7,7.3
149,0.01,7.9,26.5,7.5
94,0.1,9.1,20.3,7.6
99.2,0.02,8.6,22.2,7.6
95,0.1,10.1,14.7,7.4
146,0.01,9.9,13.7,7.6
112,0.1,11.1,8.6,6.7
113,0.1,11.7,9.3,7.5
118,0.02,12,7,7.5
110,0.02,11.5,7.9,7.5
103,0.01,11.6,8.8,7.7
114,0.1,11.2,8.2,7.4
182,0.02,11.9,7,7.8
119,0.02,11.7,7.9,7.5
243,0.02,11.3,10.9,7.8
104,0.1,8.9,20.4,7.5
99,0.01,7.9,24,7.5
94,0.02,8.6,22.3,7.7
105,0.1,9.7,25,7.4
97,0.1,8.3,23.2,7.4
221,0.01,9.3,20.9,7.7
116,0.1,7.6,24.3,6.5
119,0.01,8.7,23,7.3
107,0.02,7.5,26.8,7.3
77,0.12,8.3,24.6,7.6
120,0.01,8.3,25.5,7.7
233,0.02,9,19,7.7
147,0.1,8.5,18,6.6
121,0.1,9.6,15,6.4
115,0.02,9.3,16.5,7.9
37.9,0.04,8.7,16.9,7.6
109,0.1,10.6,9.7,6.7
119,0.01,10.4,12.3,7.4
100,0.01,11.4,9.3,7.6
114,0.01,10.9,11.3,7.6
134,0.01,10.9,9,7.8
124,0.01,11.5,7.4,7.6
101,0.02,11.7,7.8,7.4
177,0.01,10.5,11.6,7.6
88,0.02,9.8,17,7.6
74,0.1,9.2,17.9,6.4
286,0.02,8.3,22.2,7.8
112,0.01,8.9,23.2,7.6
66,0.1,9.5,20.5,7
105,0.1,7.5,26.9,7.1
106,0.02,7.9,26.7,7.9
114,0.02,6.9,28.5,7.3
188,0.03,7.9,26.5,7.6
107,0.1,8,25,7.1
97,0.1,8.4,24.2,7.6
116,0.02,7.8,23.6,7.6
93,0.1,8.9,20.2,6.8
99,0.1,9.6,21.6,7.5
89,0.01,9.3,19.8,7
129,0.01,10.4,12,7.6
106,0.03,9.7,16,7.7
127,0.1,10.8,10,7.2
135,0.01,11,8.9,7.6
118,0.01,11.6,7.4,7.6
132,0.02,10.7,10.4,7.6
121,0.1,11.6,6,6.8
119,0.03,11.8,7.8,6.5
86,0.01,11.9,8.5,7.7
116,0.01,12.3,5.1,7.5
120,0.1,10.9,9,7.4
85,0.01,11.3,9.3,6.5
116,0.03,10.8,10.1,7.2
106,0.03,11.2,10.5,7.6
110,0.01,10.1,14,7.6
85,0.02,10.2,13.2,7.4
97,0.1,9.9,15.4,7.3
117,0.03,8.8,18.3,7.7
88,0.1,8.6,21,7.4
96,0.01,9,22,7.6
194,0.03,8.3,25,7.5
109,0.01,8.2,22,7.5
86,0.01,8.5,22.9,7.6
99.6,0.02,8.2,25.3,7.7
104,0.01,7.5,28,7.5
97,0.1,8.9,19.5,7.1
115,0.01,9.4,19.1,7.5
120,0.1,9.1,14.7,7.4
105,0.01,9.9,15.8,7.7
93,0.1,11.1,11,7.2
112,0.1,10.4,11.5,6.8
111,0.02,11.1,9.4,7.5
191,0.01,12,5.5,7.9
110,0.02,11.6,7,7.6
99,0.02,12.1,6.5,7.5
97,0.02,11.1,11,7.5
203,0.02,11.2,8.8,7.7
88,0.02,11.3,10.1,7.5
155,0.02,10,11.8,7.4
111,0.01,9.2,20.3,7.1
140,0.02,8.5,19.6,7.5
95.6,0.02,8.8,21.5,7.7
72,0.1,8.6,21.5,7
90,0.1,8.8,20.9,7.1
115,0.1,8.3,24.4,6.3
97,0.1,9.2,24.6,7.7
91,0.02,8.6,21.3,7.5
81.6,0.02,7.9,26.8,7.8
126,0.03,8.6,19,7.9
120,0.1,10.1,16,7.1
200,0.02,9.5,15,7.6
117,0.01,10.2,11.5,7.6
116,0.01,12,6.1,7.4
110,0.02,11.5,8.4,7.6
99,0.02,12.6,5.3,7.6
190,0.02,10.5,12.3,7.7
106,0.1,9.5,17.7,7
92,0.02,9.3,18.2,7.5
142,0.02,8.6,21.1,7.8
111,0.05,9,18.8,7.8
247,0.01,8.9,17.8,7.7
89,0.01,9.3,20.2,7.5
106,0.02,8.6,21.3,7.5
101,0.01,8.2,25.5,7.6
95,0.02,8.9,21,7.6
102,0.01,7.8,24.4,7.8
114,0.01,8.7,20.6,7.6
100,0.02,10,15.1,7.5
153,0.01,11.1,9,7.3
126,0.02,10.6,11.5,7.9
130,0.02,10.5,11.4,7.5
149,0.01,11.4,8.7,6.5
101,0.01,12.2,6.8,7.7
114,0.02,11.1,9.2,7.5
232,0.02,11.3,7.9,7.5
103,0.01,11.4,9.9,7.6
120,0.1,10.8,10.3,7
109,0.1,8.9,18,7.3
98,0.1,9,20.8,6.9
110,0.1,8.8,21.9,7.2
108,0.01,8.4,26.3,7.5
122,0.01,9.8,14.3,7.5
117,0.1,11,9.2,6.5
114,0.1,12.2,9,7.3
117,0.01,11.5,8.1,7.5
110,0.01,11.3,8.5,7.6
114,0.02,12,5.6,7.5
121,0.1,10.1,11.6,6.6
101,0.01,10.8,10.2,7.5
105,0.1,10,19.2,7.6
116,0.02,9.4,18.8,7.7
99,0.01,8.4,26.1,7.6
93,0.02,7.7,23,7.7
99,0.01,8.5,23.1,7.5
130,0.1,8.7,19,7
115,0.01,8.8,20.6,7.7
637,0.02,9.2,15.5,7.4
465,0.02,11.5,6.5,7.9
87,0.02,11.3,10.8,7.4
119,0.01,10.4,10.5,7.6
121,0.01,10.8,9.6,7.5
121,0.02,10.4,13.3,7.5
93,0.02,9.2,18,7.6
100,0.03,7.8,21.4,7.7
108,0.01,8.3,24.4,7.8
99,0.1,9.9,16.9,7.2
130,0.01,8.8,21,7.4
141,0.02,9.5,15.5,7.5
126,0.1,11.4,8.2,6.7
198,0.02,11.2,7.8,7.6
109,0.03,11.9,6.4,7.5
124,0.01,11.4,9.6,7.6
106,0.02,10.7,12.1,7.6
108,0.02,9.8,14.9,7.6
95,0.03,9.6,14.7,7.7
118,0.1,8.6,16.6,6.8
117,0.03,8.1,22,7.4
112,0.01,8.5,22.7,7.4
73,0.01,8.8,20.7,7.4
760,0.01,8.5,21,7.5
119,0.01,9.1,14.4,7.6
125,0.01,11,6.9,7.9
108,0.11,12.3,4.8,7.3
101,0.1,8.8,23.6,7.3
105,0.01,8.6,25.1,7.6
114,0.02,8.2,25.3,7.7
131,0.1,8.6,16.7,6.6
119,0.02,8.9,19.3,7.9
112,0.02,9.5,15.7,7.4
103,0.01,11,11,7.5
156,0.02,11.6,8.7,7.8
119,0.07,8.1,19.5,7.6
115,0.02,9.1,18.4,7.4
353,0.02,8.3,22.5,7.8
110,0.03,7.3,27.3,7.9
78,0.1,10.4,14.8,7.2
117,0.01,10.6,11,7.7
110,0.02,10.5,12,7.4
102,0.01,10.7,9.4,7.6
100,0.1,10.7,11.8,7.3
130,0.1,10.2,13.4,6.9
120,0.02,9.5,17,7.8
96,0.15,9.1,19.8,7.1
109,0.01,7.6,26.4,7.5
87,0.08,8.1,22.8,7.5
80,0.1,9.2,19.5,7
106,0.01,9.1,18.8,7.6
108,0.1,9.9,14,6.8
120,0.1,11.8,8.4,7.3
112,0.01,8.9,18.1,7.6
106,0.01,9.3,16.7,7.6
116,0.01,9.5,15.6,7.6
125,0.1,9.3,17,7
189,0.01,9,13.5,7.6
113,0.01,9.8,14.5,7.5
543,0.02,10.4,10.9,7.5
91,0.01,11.5,9,7.4
115,0.02,8.7,20.3,7.5
129,0.01,8,24.1,7.6
112,0.1,8.3,24.5,7
85,0.01,8.3,23.4,7.3
96,0.1,8.4,23.2,6.7
113,0.02,8.6,19.8,7.5
96,0.1,10.9,7,6.6
72,0.01,10.4,13.6,7.4
95,0.01,9.9,14.3,7.8
132,0.01,8.8,20,7.4
111,0.01,9,20.2,7.7
115,0.02,8.7,21.7,7.5
87,0.05,8.4,25.4,7.6
113,0.01,8.3,25.1,7.4
80,0.1,12.5,6.2,6.7
101,0.1,9.7,15.6,6.7
127,0.02,8.5,20.1,7.4
109,0.01,10.8,12.2,7.9
130,0.1,11.2,8.2,6.6
252,0.01,10,15.5,7.6
112,0.02,9.9,15.2,7.5
119,0.02,8.7,21.5,7.5
72,0.01,8.5,21.8,7.5
84.8,0.01,8.6,23.6,7.6
529,0.01,8.1,24,7.3
107,0.13,9.7,16.1,7.4
116,0.03,9.3,18,7.1
77,0.01,9.2,17,7.5
111,0.04,7.8,26.5,7.5
125,0.02,8.2,19.4,7.6
107,0.1,8.6,25.9,7.3
198,0.01,8.4,24.1,7.2
99,0.01,9.2,17.6,7.6
124,0.13,11,9,7.4
103,0.02,9.3,19.4,7.8
103,0.1,9.5,15.3,7.2
80,0.1,8.6,23.2,6.8
116,0.1,10.2,15.5,7.4
87,0.1,9.9,16,7.3
119,0.01,9.7,15.6,8.1
83,0.1,9.3,18.4,7.1
124,0.01,10.9,11.3,7.6
93,0.13,9.3,18.5,7.1
100,0.02,9.1,25,7.6
75,0.96,3.9,26,6.01
120,0.93,3.6,28.5,6.09
40,0.61,5.6,28,6.1
60,0.5,3.3,27,6.6
80,0.84,3.8,28,6.8
120,0.99,2.7,27,6.95
100,0.45,5.4,26,7
90,0.86,5,22,6.3
70,0.84,4,27,5.31
92,0.96,4.5,28,5.78
100,1.3,2.3,28,6.2
150,1.3,2.1,28,6.9
130,0.78,4,30,6.38
90,1.16,3.8,24,5.6
80,0.96,3.1,27,6.4
90,0.8,2.8,27,6.6
82,0.76,3,28,6.7
100,0.96,3.2,26,7.55
80,0.48,5,28,5.7
70,0.52,5.9,23,6.2
40,0.01,7.2,27.22,6.6
60,0.01,7.6,27,6.7
40,0.01,7.9,27.22,6.7
40,0.03,7.15,26,7
40,0.01,6.9,28,6.7
30,0.01,7.6,27,7.4
50,0.01,7.4,26,7.2
65,0.01,7.5,27.22,7
45,0.02,7,27,6.5
40,0.02,7.6,27,6.4
40,0.01,7.4,27.22,6.8
50,0.01,7,26,7.3
50,0.01,6.8,26,8.2
60,0.01,7.4,28,6.6
60,0.02,6.8,27,7.6
40,0.01,7.6,27.2,6.3
50,0.02,7.3,26,7.3
50,0.01,6.4,26,6.9
200,0.01,10,27.22,7.3
60,0.02,7.4,27,6.8
40,0.02,7.1,27,6.1
50,0.01,8.2,27,6.9
50,0.03,6.3,26,6.7
48,0.01,7.4,27.22,6.6
50,0.01,7.4,26,7.4
60,0.01,7.3,26,7.3
60,0.02,6.8,26,6.8
30,0.01,6,27,7.2
50,0.01,7.2,27.22,6.6
40,0.02,7.4,26,6.9
50,0.02,8.1,27,7.3
60,0.035,7.5,27,7.5
60,0.05,6.6,26,7.3
40,0.02,7.4,26,7.4
50,0.02,7,27,6.9
50,0.02,7.4,27.22,6.5
50,0.01,7.3,26,6.9
60,0.09,7.5,27,6.8
40,0.01,7.1,26,7.3
40,0.02,7,27.22,6.7
55,0.01,7.5,26,6.6
40,0.01,6.8,26,7.3
50,0.02,7,26,6.4
55,0.01,8.4,27,7.2
50,0.01,8,26,7.2
40,0.01,7.65,27,6.8
49,0.02,6.7,27,6.9
45,0.01,6.8,27,6.8
50,0.01,7.5,27.22,6.4
60,0.05,6,27,7.5
60,0.01,7.6,27,6.8
80,0.05,6.3,27,8
70,0.1,6.3,27,6.8
70,0.01,7.8,27,7.3
60,0.01,6.9,27,7.3
90,0.01,7.7,27,6.8
50,0.01,7.5,27.22,6.6
40,0.02,6.4,26,7
75,0.05,6.9,27,7
50,0.04,5.5,27,7.4
55,0.01,7.4,27.22,7.6
70,0.04,7.4,27,7.3
70,0.01,6.5,27,9.1
40,0.01,7,27,6.8
40,0.07,8.3,27,6.6
48,0.01,6.9,27.22,6.7
50,0.01,6.9,27.22,6.7
40,0.01,7.7,27,6.7
40,0.02,7.3,26,6.9
60,0.01,7.1,26,7.3
60,0.01,7.6,27,7.2
45,0.03,6.4,27,7
48,0.01,7.1,28,6.7
50,0.01,7.2,27,7
50,0.01,6.6,27,7.1
55,0.02,6.9,27,7.5
40,0.02,7.1,27.22,6.7
40,0.01,7.35,26,6.9
45,0.05,7,27,7.9
50,0.03,6.2,27,7
40,0.09,6.7,27,6.2
40,0.01,7.2,27.22,6.5
35,0.02,7.2,27,6.8
90,0.05,6.3,27,7.3
80,0.03,6.4,27,8.1
50,0.01,7.8,27,7.4
60,0.01,7.4,27.22,7.2
60,0.01,7,27,7.2
65,0.02,7.4,28,6.7
70,0.01,7.2,27.22,7.2
50,0.01,7.5,27,6.9
70,0.01,7.1,27,7.3
55,0.02,6.7,27,7.2
35,0.01,6.2,27,6.3
45,0.06,7.7,26,6.7
45,0.01,6.9,27.22,6.7
760,0.122,5.8,29,7.9
475,0.268,6.3,28,6.3
1400,0.07,7.2,26,6.9
940,0.044,6.4,28,7.7
1040,0.02,6.2,30.6,8.1
790,0.013,8.1,25.8,8
840,0.05,7.8,26,7.9
720,0.01,7.3,25,7.75
730,0.002,6.4,29.5,7.9
67,0.1,11,15,7.7
57,0.1,10.8,14,7.8
58,0.1,10.9,13,7.6
50,0.1,10.9,13,7.4
65,0.1,10,13,6.9
65,0.1,10,13,7
65,0.1,10.2,12.8,7
65,0.1,10,12.7,7
73,0.1,9.4,11,6.8
73,0.1,9.9,11,6.9
78,0.1,10.2,11,7.2
73,0.1,9.4,10,6.7
78,0.1,9.9,16,7.6
71,0.1,9.1,11,6.8
71,0.1,9.3,12,6.8
73,0.1,9.4,13,7
65,0.23,8.4,15.5,7
65.5,0.18,8.2,15.3,6.9
65,0.17,8.1,15.3,6.8
65,0.15,8.2,15.4,6.9
94,0.1,7.6,15,6.7
78,0.1,7.5,21,6.9
74,0.1,7.5,24,7.3
87,0.1,7.4,13,6.6
62.5,0.1,9.3,12.7,7.1
63.5,0.1,9.9,14.5,8.6
63.5,0.1,10,16.1,7.6
63.5,0.1,10,18.3,7.8
55,0.1,10,13.5,6.9
60,0.1,9.2,15,6.9
65,0.1,9.1,15.5,6.8
65,0.1,10.5,16.5,6.9
65.5,0.1,10,8,7.7
60,0.1,9.2,12,7.7
53.5,0.1,9.1,12,7.8
46.5,0.1,10.5,13,7.8
65,0.1,7.8,10.5,6.6
65,0.1,7.8,10,6.5
72,0.16,7.4,15.1,6.7
72,0.11,8.6,15.1,6.8
78,0.23,8.1,24.2,7.2
60,0.11,6.1,20,7.2
60,0.1,5.9,20,7.3
60,0.1,6,20,7.4
60,0.0008,7.9,21,8.5
65,0.0008,8.5,22.9,8.6
45,0.0008,8.6,12.4,8
50,0.0008,8.5,13.9,8.6
65,0.039,10.1,15,7.3
70,0.039,10.4,16,7.4
70,0.039,10.5,17,7.6
310,0.1,8.7,20,7.6
67,0.15,6.6,16,6.7
75,0.11,7.1,17,7.6
77,0.1,8,24,8
74,0.19,8.4,14,6.3
68,0.13,8.9,14,6.3
67,0.11,8.8,15,6.3
67,0.2,8.8,14.5,6.3
65,0.28,8.4,15.2,6.1
65,0.18,7.9,15,6
65,0.23,7.1,15,6.2
67,0.27,6.5,14.7,6.3
67,0.1,8.3,15.1,6.7
67,0.1,8.3,15,6.8
82,0.1,8.3,24.9,6.9
70,0.15,9.8,18.5,6.5
72,0.16,10,18.5,6.7
66,0.13,7.9,12,7.3
67,0.15,9.1,15,7.3
67,0.15,9.2,15.5,7.4
65,0.16,8.9,15.5,7.3
70,0.1,8.5,20,6.7
90,0.12,7.9,13.9,7.4
90,0.12,7.6,15.4,7.4
70,0.12,9.1,20.6,7.4
64,0.12,9.1,20.7,7.4
65,0.046,6.4,14,7.2
60,0.046,6.6,17,7.3
62,0.046,9.6,16,6.9
70,0.046,9,16,7.2
40,0.15,10.4,12.5,7.7
45,0.026,10.8,11,7.4
40,0.015,10.6,11.5,7.2
50,0.15,10,11,5.9
40,0.094,10.1,11.5,5.7
69,0.1,9.6,14,7.2
70,0.12,9.4,13,6.9
70,0.11,9.1,13,7
70,0.1,9.2,13.5,7
69,0.17,9.1,14,6.4
55,0.17,6.9,14.5,6.7
50,0.19,7.3,14.5,6.3
56,0.1,8.7,15,6.7
56,0.1,8.4,15,6.7
54,0.11,8.4,16,6.6
56,0.1,8.6,15,6.8
70,0.1,9.6,11,6.7
70,0.1,9.9,12,7
70,0.1,10,12,7
70,0.1,10.1,12,6.9
56,0.117,9.1,15,7.5
62,0.078,10,15,7.4
65,0.039,10,13,6.9
68,0.17,8.8,14,7.2
68,0.16,9.3,14,7.2
74,0.22,9.1,17,7.3
68,0.22,10.6,14.5,7.4
70,0.015,10.8,20,8.6
60,0.015,9.1,16,8.7
73,0.23,8.1,20,7.1
75,0.23,7.8,25,7.7
76,0.22,7.9,17,6.9
74,0.22,7.6,18,6.9
66,0.23,8,13,6.7
66,0.21,8.6,19.3,6.7
67,0.16,8.7,13.8,6.8
60,0.046,8.2,16.5,7
68,0.15,7.7,14,6.7
67,0.15,7.3,15,6.9
67,0.19,7.4,15,6.9
57,0.1,8.9,13.9,7.9
56,0.1,8.5,14.2,7.9
56,0.1,8.5,14.4,7.8
56,0.1,8.4,14.4,7.8
62,0.0008,9.2,12.5,7.4
57,0.0008,9,13,7.2
53,0.0008,8,13,7.4
58,0.0008,6.5,12,7.5
30,0.015,10.6,12.5,6.4
30,0.015,10.4,12.5,6.4
35,0.028,10.5,12.5,6.5
60,0.2,9.6,12,7.2
68,0.24,9.7,14,7.2
64,0.2,10.3,13,7.3
65,0.1,10.1,11.5,7.1
63,0.12,9.8,11.5,7.1
62,0.14,10.5,11.5,7
62,0.18,11.1,14,6.9
70,0.039,9.8,20,6.3
65,0.1,6.1,15.9,7.5
60,0.1,6.3,15.9,7.5
65,0.1,8.2,16.6,7.7
65,0.1,8.4,16.7,7.7
64,0.12,8.4,14.3,6.8
64,0.1,8.3,14.4,6.8
64,0.15,8.2,14.5,6.8
64,0.12,8.4,14.5,6.8
70,0.14,9.3,11.5,7.1
70,0.1,9.8,11.5,7.1
70,0.1,9.9,11.5,7.1
270,0.21,10.3,12,7.1
70,0.039,10.3,12.3,7.2
70,0.039,11.26,12.6,7.2
70,0.039,11.45,12.5,7.2
65,0.08,11.88,12.6,7.2
64,0.1,9.5,10.5,6.6
63,0.1,10.2,10.5,6.8
64,0.1,10.2,10.5,7.1
64,0.1,10.5,11,7.1
55,0.19,10.1,12.5,7.5
50,0.214,9.9,14.5,7.5
55,0.21,10.6,15,7.4
76,0.2,9,13,6.7
76,0.23,8.9,13,6.7
76,0.18,9.9,16,7.1
78,0.22,8.5,18,7.2
62,0.0008,6.3,11,8.3
61,0.0008,5.2,12,8.3
69,0.0008,5.9,15,8.5
85,0.1,9.3,11,6.3
70,0.1,9.5,11,6.2
80,0.1,10.7,12.5,6.4
70,0.1,10.1,15,6.5
77,0.156,9.9,14.5,6.9
68,0.16,8.8,14,7
68,0.17,9,14,7.2
65,0.14,9.3,16,6.9
60,0.14,9.7,20,6.9
74,0.1,8.1,14,7.2
75,0.1,8.8,23,7.2
75,0.1,8.5,23.5,7.2
36,0.1,8.4,12,7.2
60,0.017,7.5,16,7.5
60,0.025,6.4,18,7.6
70,0.024,9,25,7.7
54,0.1,6.6,16.6,7.2
54,0.11,6.3,16.8,7.1
62,0.12,7,18.6,7.2
61,0.14,8.5,19.2,7.5
63,0.1,9.7,11.5,7.1
63,0.13,9.6,11.3,7.6
63,0.14,9.9,11.2,7.4
62,0.18,9.7,11.5,7.3
65,0.32,9,12,6.9
68,0.19,9.3,13,6.8
69,0.22,9.5,13,6.9
50,0.039,7.7,12.5,6.9
55,0.039,7.5,13.5,7.2
50,0.039,8.4,14.5,6.9
77,0.11,9.8,18.5,7.6
78,0.1,9.5,14.6,7.3
83,0.25,8.9,12,6.8
60,0.11,7.9,11,7
60,0.11,8.2,12,7
64,0.15,8.1,12.5,7
64,0.17,7.8,13,7.1
58,0.13,10.2,13,6.6
68,0.1,10.1,14,6.7
58,0.1,9.9,13,6.3
70,0.16,8.6,23.5,6.6
70,0.13,9.8,13,6.7
68,0.1,9,14,6.2
71,0.25,9.5,15.5,6.2
55.5,0.1,9.1,12.4,7
55.5,0.1,9.8,10.9,6.8
75,0.1,8.8,12,6.5
70,0.1,9.4,12,6.9
70,0.1,8.4,13.5,7.1
70,0.1,8.9,13,7.1
76,0.078,10.1,11,6.6
62,0.078,9.2,10.5,7.6
67,0.078,9.5,12,7.8
65,0.078,9.7,12,7.9
70,0.1,9.6,13,6.2
65,0.1,10.6,12,6.4
60,0.1,9.1,11.1,6.4
58,0.09,9.9,16.8,6.8
60,0.101,6.9,21,7.3
60,0.178,7.9,13,6.9
55,0.039,8,13.5,7
78,0.1,9.3,13,7.6
67,0.16,8.9,14.5,7.6
65,0.24,6.2,18,6.4
65,0.18,6.1,22,6.7
65,0.22,8.2,23,6.6
60,0.11,6.4,15.7,6.6
54,0.13,6.1,15.8,7.4
57,0.1,6.5,18,7.3
70,0.1,8.3,23.7,7.2
69,0.1,10.6,10,6.4
70,0.1,11,9.7,6.4
69,0.1,12.9,9.9,6.4
69,0.1,14,9.9,6.4
57,0.05,9.8,14,6.3
57,0.07,10.1,14,6.2
62,0.07,10.3,14.5,6.4
61,0.1,9.2,12,7.4
63,0.12,11.4,12.7,7.3
65,0.1,9.1,25.8,7.3
65,0.1,9.5,16.3,7.3
85,0.1,8.3,15,7.2
75,0.1,8.7,16,7.1
80,0.1,9.3,20.5,7.3
80,0.1,8.2,24,7.3
63.2,0.1,9.3,16,7.5
64.2,0.1,10.3,19.5,6.7
67,0.1,9,23,6.7
66,0.1,8.8,15,6.8
60,0.1,9.4,12,7.3
56,0.1,9.8,11,7.3
73,0.22,9.9,11.4,6.9
68,0.22,9.6,11.2,6.9
68,0.22,9.7,10.4,6.8
57.4,0.1,9.5,13.2,6.31
55.3,0.1,9.7,11.6,6.18
70,0.36,9.1,11.3,6.9
55,0.0008,7.4,11,6.9
50,0.0008,7.6,11,7
65,0.0008,7.8,15,6.9
60.44,0.11,10.2,21.4,8.94
65,0.127,8.18,28,7
60,0.107,7.5,18,6.6
80,0.1,6.5,13,7.3
75,0.23,6.9,14.5,7.4
75,0.19,7.6,15.5,7.2
80,0.1,8.9,19,7.4
60,0.1,7,15.5,7
55,0.12,7.1,16.5,7.1
54,0.13,7,16,7
54,0.12,7,16,7
45,0.0008,7.3,11.5,7.4
45,0.0008,6.8,11,7.4
40,0.0008,6.5,11,7.4
40,0.0008,6.3,10,7.4
60,0.1,11.4,11,7.6
60,0.1,10,11.5,7.4
60,0.18,9.7,12,7.6
60,0.13,9.8,12.5,7.7
71,0.11,9.5,11.7,6.8
64,0.1,9.3,13,6.9
71,0.11,10.1,18.8,7
70,0.1,9.5,20.4,6.9
79,0.1,8.7,15,7.1
75,0.1,8.6,17,6.9
77,0.1,8.1,19,6.9
79,0.1,9.1,24,7.3
79,0.039,9.8,15.8,7.2
76,0.039,14,19.7,7.2
63,0.039,9.2,25.8,7.5
69,0.18,8.4,22,7.7
66,0.21,8.6,22,7.7
72,0.18,8.8,22,7.5
64,0.1,9.2,11.7,7.5
75,0.21,9.3,11.7,7.6
64,0.13,9.9,14.2,7.7
64,0.14,9.5,18,7.5
65,0.015,7.98,17,7.9
70,0.015,8.96,23,8.1
75,0.1,8.7,15,7.1
75,0.1,9.5,22.5,7.3
80,0.1,8.4,24,7.4
75,0.1,8.9,15.5,7.1
75,0.12,6.5,16,7.4
75,0.1,6.5,17,7.5
70,0.11,8,19,7.4
75,0.1,8.4,24,7.3
65,0.1,9.2,12.4,6.9
67,0.1,9.3,12.3,7
65,0.14,8.9,11.8,6.8
63,0.1,8.9,11.3,6.8
85,0.12,8.7,10.9,6.3
70,0.1,7.9,11.7,6.2
72,0.1,9.7,11.6,6.4
70,0.21,9.7,11.8,6.3
80,0.1,9.35,12.3,6.2
81,0.1,9.35,11.9,6.4
77,0.12,9.55,14,6.4
71,0.1,9.85,17.4,6.4
60,0.11,9.8,13.5,7.1
60,0.1,9.7,12.9,7
60,0.1,10,19.2,7.4
60,0.1,9.9,18.1,7.4
69,0.133,9.7,14,7.3
40,0.117,10.2,14,7.3
75,0.36,8,17,6.9
70,0.3,6.6,19,7.1
86,0.21,8.3,19,7
86,0.24,8.4,19,6.8
80,0.23,5.9,19,6.9
78,0.22,7.3,19,6.9
61,0.0025,7.2,12,7.5
58,0.0016,7,13.5,7.5
59,0.0008,7.9,17,7.8
64,0.0008,7.1,18,7.7
50,0.0008,7.4,10,7.5
50,0.0008,7.1,10.5,7.6
50,0.0008,6.4,10.5,7.6
72,0.18,9.2,11.8,7.1
72,0.24,9.8,13.7,7.4
72,0.24,9.6,13.9,7.4
55,0.0008,8.2,13,7.4
50,0.0008,8.4,13,7.4
55,0.0016,8.6,17,7.4
60,0.1,9,23.5,6.8
60,0.1,8.4,22,6.7
75,0.1,10.1,21,6.9
70,0.1,9.4,19,6.8
85,0.092,8.77,25,7.6
70,0.069,8.27,19,7.7
50,0.039,9.9,11,6.5
50,0.039,9.9,11,6.6
55,0.2,7,20,6.4
59,0.25,7.9,21,6.6
58,0.29,8.1,22,6.8
58.8,0.1,7.2,15,7.2
60.8,0.1,7.3,16,6.9
62.7,0.1,9.1,19,6.9
62.7,0.1,9.3,19,7.1
55,0.038,7.6,17.9,6.3
66,0.1,9.27,11.3,6.6
68,0.12,9.92,13.9,6.6
67,0.1,9.34,11.1,6.3
65,0.1,9.1,14.5,6.7
65,0.1,10,14.5,6.5
75,0.1,10,15.5,6.5
70,0.1,10.8,20.5,6.6
80,0.12,8.1,22.4,7.1
85,0.1,8.9,16,7.1
75,0.12,7.7,12.4,7.1
70,0.16,8.5,12,7.1
542,0.03,14.6,20.6,8.8
549,0.03,14.6,20.7,9.6
411,0.03,11.5,15.5,8.1
409,0.02,9.8,15.3,8.1
439,0.01,10.6,11.2,8.1
448,0.01,9.8,11.2,8.1
493,0.02,10.3,11.5,8.2
507,0.02,9.9,11.3,8.3
507,0.03,9.7,22.3,8.1
510,0.03,11,22.2,8.1
494,0.01,12,11.5,8.5
490,0.01,11.7,11,8.5
477,0.03,11.4,14,8.3
493,0.03,11.4,14.2,8.2
417,0.02,6.9,24.6,8.2
422,0.06,7.2,24.4,8.2
406,0.03,13.1,6.4,8.1
408,0.03,13,6.2,8.1
468,0.01,12.6,19,8.1
487,0.01,12.3,18.5,8.2
350,0.01,9.2,14.6,8.2
363,0.01,8.4,14.7,8.2
404,0.06,9.7,5.2,8.5
382,0.03,11.3,5,8.3
367,0.01,7.3,23.8,7.7
361,0.01,12,23.6,8
445,0.01,12.8,7.9,8.4
448,0.02,12.8,7.6,8.4
460,0.02,13.9,13,8.3
373,0.02,9.6,23.5,8.7
369,0.01,9.7,23.3,8.7
482,0.02,11.6,23,8.1
472,0.06,11.4,23.2,8.1
542,0.02,10.1,24,8.6
547,0.03,10.3,23.8,8.6
1213,0.01,10.9,9.7,7.7
1231,0.01,11.3,5,7.6
1226,0.01,11.3,4.4,7.7
1147,0.01,11.8,6.3,7.6
1164,0.01,12.3,5,7.7
1161,0.01,12,3.9,7.9
1151,0.01,11,7.5,7.7
1165,0.01,11.1,5.2,7.8
1205,0.01,11,4.2,7.9
1.193,0.01,11.4,7,7.46
1223,0.01,9.7,15.2,7.8
1213,0.01,10.5,12.2,7.8
1216,0.01,10.8,6.2,7.8
1236,0.01,9.8,13.8,8
1230,0.02,10.8,8.8,7.8
1244,0.01,10.9,4.5,7.7
1242,0.02,11.2,4,7.7
1254,0.02,11.2,4.5,7.7
1250,0.03,10.1,4.5,7.6
1190,0.01,10.5,11.5,7.9
1200,0.02,11.6,6,7.9
1200,0.01,10.8,4,7.9
1230,0.01,12.1,4.3,7.5
1221,0.01,11.2,3.7,7.6
1203,0.01,11,3.5,7.7
1241,0.01,11.6,8.2,7.6
1222,0.01,12.3,5,7.7
1222,0.01,11.6,4,7.7
1148,0.01,10.6,7.6,7.4
1205,0.01,10.5,7.8,7.7
1.165,0.01,11.5,5.5,7.47
1179,0.01,11.7,6.2,7.8
1178,0.01,11.7,6,7.8
1181,0.01,11.4,5,7.6
1218,0.01,10.7,8.2,7.8
1.071,0.01,9.92,11.5,7.71
1228,0.01,11.8,4,7.7
1229,0.01,11,9.1,7.8
1224,0.01,12,5.2,7.7
1193,0.01,11.8,7.2,8
1176,0.01,12.1,6.4,7.7
1197,0.01,11.8,4.4,7.7
1205,0.01,10.4,12.8,7.8
1215,0.01,11.3,7,7.7
1195,0.01,11.3,4.7,7.6
1266,0.01,9.5,12.8,8
1233,0.01,10.6,8.8,7.6
1237,0.01,10.2,4,7.6
1.182,0.04,11,9,7.6
1212,0.01,10.4,11.5,7.7
1212,0.01,10.7,11,7.8
1219,0.01,10.7,9.2,7.8
1.173,0.01,11.2,12,7.53
1205,0.01,10.9,6,7.6
1209,0.01,10.9,5.5,7.6
1210,0.01,10.7,4,7.7
1242,0.02,11.3,6,7.7
1242,0.02,10,6,7.7
1241,0.01,10.9,6,7.7
1206,0.02,10.5,11.8,7.9
1201,0.01,9.9,10.8,7.9
1202,0.01,11.3,4.8,7.7
1.195,0.01,9.23,13,7.93
1225,0.1,10.4,9.6,7.5
1161,0.01,10.3,9.8,7.4
1226,0.01,11.4,8.8,7.5
1226,0.01,11.6,4.5,7.7
1226,0.01,11.6,4,7.7
1198,0.01,10.5,7.6,7.9
1.194,0.02,11.4,9.5,7.7
1208,0.01,12.5,7.4,7.8
1189,0.01,12.2,7,7.9
1169,0.01,10.7,8.8,7.8
1209,0.02,9.2,16,7.7
1211,0.02,11,9.8,7.8
1226,0.01,9.7,14.8,7.8
1227,0.01,10.4,11.2,7.8
1230,0.01,11.5,8.4,7.8
1207,0.01,11.2,4.5,7.7
1235,0.01,10.6,10,7.9
1229,0.01,10.8,7.2,7.8
1176,0.01,10.5,9,7.6
1169,0.01,10.7,7.5,7.7
1225,0.03,10.7,8.8,7.7
1240,0.01,12,4,7.7
1235,0.01,12.1,4,7.8
1167,0.01,10.2,11.2,7.9
1181,0.01,9.7,11,7.9
1.182,0.01,11.4,4,7.69
1244,0.01,12.2,5.5,7.7
1243,0.02,10.7,5,7.7
1188,0.01,11.2,6.2,8
1180,0.01,10.7,4.7,7.9
1206,0.01,11.7,4.8,7.9
1205,0.01,13,4.5,8
1235,0.01,10.9,10.1,7.6
1240,0.01,11.3,7,7.6
1175,0.01,10.8,8.1,7.8
1222,0.01,11.6,4.6,7.7
1222,0.01,11.5,4.5,7.9
1225,0.01,9.9,13.2,7.6
1225,0.02,11.4,5.8,7.6
1214,0.01,10.7,11.8,7.8
1215,0.01,10.8,10.2,7.8
1232,0.01,10,8.6,7.9
1234,0.01,10.6,6.5,7.9
1232,0.01,11.9,6,7.9
1230,0.03,11.9,5.5,7.8
1.17,0.01,10,10,7.59
1214,0.01,10.3,10,7.4
1171,0.01,10.7,7,7.8
1.116,0.01,11.27,4.5,7.15
1234,0.01,11.4,4,7.8
1238,0.01,11.4,4,7.7
1175,0.01,10.5,10,7.9
1181,0.01,10,9,8
1.173,0.01,11.5,4,7.7
1231,0.01,11,7.2,7.8
1204,0.01,12.8,4.2,7.9
1196,0.01,12.5,4,7.9
1236,0.01,11,9,7.5
1237,0.02,11.6,5.5,7.6
